customer_id,first_name,last_name,email,phone,city,state,country,age
1,Christopher,Walsh,mooredawn@example.com,001-881-259-2060,Mcmillanside,Colorado,USA,63
2,William,Lopez,sreed@example.net,(589)662-5817x0265,West Janeburgh,Indiana,USA,68
3,Lauren,Smith,howardjames@example.net,952.357.6411,Vanessaberg,Louisiana,USA,57
4,Chris,Dickerson,davischristopher@example.org,(246)756-8882,East Allisonstad,Missouri,USA,25
5,Barbara,Howard,hunterpatrick@example.com,(322)473-2861x33177,North Sydneyfort,Alaska,USA,31
6,Sheena,Hamilton,ehudson@example.com,001-517-632-2831x81290,New Benjamintown,South Dakota,USA,38
7,Angela,May,haley42@example.net,(928)268-8366x31366,Smithville,Nebraska,USA,21
8,Amanda,Robinson,matthewstevens@example.org,001-674-829-1451x0951,Garciachester,Arizona,USA,30
9,Tanya,Thompson,fsantos@example.net,922-960-1547x26385,East Emily,Georgia,USA,33
10,Michelle,King,eric15@example.org,7448200081,Murillobury,Mississippi,USA,23
11,Jackie,Carter,wgill@example.com,+1-751-910-1541x7945,Ryanshire,Massachusetts,USA,48
12,Janice,Taylor,heidi43@example.com,(489)841-8448,Tonitown,North Dakota,USA,20
13,Marie,Reyes,tamarasmith@example.net,+1-823-787-1919x545,Bowenland,West Virginia,USA,65
14,Laura,Anthony,zlandry@example.net,286-952-2571,West Tammytown,Alaska,USA,46
15,Jessica,Marshall,ugood@example.com,(789)861-6046,Port Lisashire,Nevada,USA,66
16,Jasmine,Johnson,justin14@example.org,+1-286-356-6077x5508,Tinaland,Connecticut,USA,45
17,William,Garrett,hoganjason@example.com,325.958.7571,Bartonton,Illinois,USA,20
18,Gina,Watts,medinakim@example.org,(767)247-1654,Carterborough,North Dakota,USA,57
19,Sandra,Pena,russellkeith@example.com,001-418-545-8164x4107,Jeromeport,Arkansas,USA,31
20,John,Bautista,shellypreston@example.com,(811)819-6470x9141,North Edwardport,Arkansas,USA,53
21,Richard,Calderon,jack34@example.net,(736)793-7126,Edwardsberg,South Dakota,USA,46
22,Kimberly,Gilbert,ihodges@example.org,(478)313-5983,South Lisabury,Colorado,USA,23
23,Nathan,Wilson,raymondphillips@example.com,+1-972-655-5091x724,Rogerton,Michigan,USA,41
24,Cody,Holden,megan61@example.net,(529)976-1302,Mckenzieview,Florida,USA,31
25,Daniel,Simon,fwolfe@example.net,863-859-3838,Jacksonmouth,West Virginia,USA,45
26,Brian,Peterson,caitlin95@example.org,001-442-724-2846x07094,Curtisside,Missouri,USA,31
27,Eric,Gaines,zgarcia@example.net,001-299-934-7879x5130,Lake Gregoryside,Pennsylvania,USA,67
28,Shelly,Ward,rayburns@example.org,001-228-466-3342x9522,Lake Adrienneshire,Maine,USA,55
29,Melissa,Mccarthy,mike83@example.com,(622)299-7385x1664,New Bridget,Rhode Island,USA,33
30,Erik,Kennedy,conleytoni@example.com,(320)371-7508x625,Gonzalezfort,Washington,USA,68
31,Eric,Thomas,tomgibbs@example.org,(430)683-0898x81138,Acostafurt,Texas,USA,41
32,Philip,Jordan,stephanie94@example.com,(809)571-0474x7619,South Ellen,Texas,USA,35
33,Frederick,Mata,laurahuerta@example.org,205-917-2418x71564,Lake Angelicaview,Wyoming,USA,59
34,Belinda,Harrison,vmcdowell@example.net,(461)967-2389x74091,Moorechester,South Dakota,USA,70
35,Courtney,Potts,seandawson@example.net,+1-360-419-5519,Wellsburgh,Missouri,USA,68
36,James,Barrett,mackenzie42@example.net,+1-597-749-9478x901,East Juliaside,North Dakota,USA,68
37,Philip,Miller,kylegilbert@example.net,6029208711,Smithchester,Nebraska,USA,50
38,Michelle,Wilkins,vrobinson@example.com,429-821-5162x5397,Jeffreybury,Oklahoma,USA,64
39,Michael,Strickland,lcummings@example.com,848-577-3607x39334,South Jason,Indiana,USA,63
40,Amy,Cruz,amcbride@example.com,(972)709-9427x9845,Blairfort,West Virginia,USA,41
41,Valerie,Flynn,paul27@example.com,001-258-442-9055x540,New Regina,New Mexico,USA,19
42,Mark,Little,lmullins@example.com,915-571-0860,Lake Phillip,Massachusetts,USA,53
43,William,Gross,james47@example.com,001-522-876-4435x846,New Harold,South Carolina,USA,61
44,Logan,Clements,williamsryan@example.net,(773)357-1451,Patrickside,Wyoming,USA,26
45,Sarah,Bowen,carl89@example.net,(268)746-3272x48569,North Theresaport,Colorado,USA,69
46,Travis,Taylor,jennyramos@example.com,319-441-9995,South Robertstad,Georgia,USA,70
47,Kathryn,Aguilar,kristinmartinez@example.org,001-653-996-2039x658,Port Geraldburgh,New York,USA,37
48,Ryan,Johnson,anthony26@example.com,+1-362-354-1199,Brandyland,Mississippi,USA,24
49,Rachel,Davis,heathkim@example.org,3373139507,Port Brittanyshire,Indiana,USA,38
50,Timothy,Roberts,jessica38@example.net,242.400.4499,West Nicolemouth,Florida,USA,60
51,Miranda,Tran,davidfarley@example.org,594.959.5072x066,Lake Caitlin,Oregon,USA,62
52,Morgan,Mullins,daydavid@example.com,(652)888-5349,Sophiachester,Oklahoma,USA,33
53,Daniel,Solis,paulbryant@example.com,001-528-452-2296x816,Taylorview,Alabama,USA,63
54,Amy,Duran,kevin38@example.com,+1-723-487-3826x18456,Ericfort,Rhode Island,USA,40
55,Ian,Sullivan,denisesummers@example.org,826-870-0123x6645,West Michelleview,Minnesota,USA,68
56,Mackenzie,Harrison,williamsashley@example.net,001-546-534-7652x3899,West Susan,Nevada,USA,54
57,Walter,Taylor,ejohnson@example.net,+1-541-604-9217x029,Williamsberg,Delaware,USA,69
58,David,Scott,deborahdunn@example.net,777-275-0546x91141,West Amanda,Vermont,USA,18
59,Andrea,Douglas,cervanteslindsay@example.com,991.721.9526,Comptonfurt,Wisconsin,USA,28
60,Victor,Bowen,walkercaroline@example.org,831.262.8621x60607,East Kevinfurt,Virginia,USA,29
61,Kristy,Walker,ffoley@example.com,001-924-834-7685x267,South David,Arizona,USA,54
62,James,Roberts,gabriel71@example.com,001-669-805-3465,Port Victoria,West Virginia,USA,62
63,James,Beard,onicholson@example.com,+1-216-931-3642x5748,Karenstad,West Virginia,USA,65
64,Stephen,Martinez,adamskyle@example.net,913.948.2919x30908,East Dianaport,Maine,USA,30
65,Michelle,Williams,stevenbush@example.com,+1-340-280-6858x6499,Englishfort,Vermont,USA,25
66,Diane,Harris,ievans@example.net,(777)888-9135,Matthewmouth,Connecticut,USA,33
67,Derek,Zimmerman,joseph36@example.org,551-858-5596,Port Leslie,Rhode Island,USA,52
68,Nancy,Peterson,parkrachel@example.org,567-697-2647x6486,South Ryan,New Jersey,USA,56
69,Diane,Gonzales,david59@example.net,331.366.2002,Johnberg,Wyoming,USA,61
70,Angela,Hall,batesmiranda@example.org,770-415-3081,South Thomas,South Dakota,USA,63
71,Kendra,Martin,dgiles@example.net,440-465-8058x269,Richardfort,Tennessee,USA,67
72,Shannon,Hall,anne04@example.net,001-426-466-1506x7815,Port Jennifer,Kentucky,USA,44
73,Kimberly,Smith,dawnanderson@example.com,001-899-895-8705x05372,Loganmouth,Arkansas,USA,55
74,Emily,Ibarra,egreene@example.com,2926995935,Hernandezhaven,Hawaii,USA,32
75,Alex,Smith,johnsonashley@example.net,(205)524-7811x9500,East Andrewstad,Illinois,USA,33
76,Yolanda,Hart,ronald78@example.org,8274146617,Marktown,California,USA,66
77,Cynthia,Mcintosh,jennifersmith@example.org,001-744-527-4071,Harrisonstad,Tennessee,USA,54
78,Jamie,Townsend,jennareynolds@example.com,(892)585-3604x7498,Anthonyhaven,Maryland,USA,69
79,Donald,Thompson,ashley88@example.com,618-557-1840,New Ashleyborough,Maryland,USA,23
80,Joseph,Knight,alexandershields@example.net,773.641.1795,Nelsonfort,Minnesota,USA,32
81,Ariel,Fields,renee28@example.net,470.685.6780,Padillaland,Oregon,USA,21
82,James,Velasquez,coxalison@example.org,701-499-5085x73710,Stephanieville,Maryland,USA,52
83,Christy,Hinton,nthompson@example.net,5116930630,Kaylaview,Arkansas,USA,69
84,Timothy,Aguilar,akaufman@example.org,275-518-1107,Robertport,Iowa,USA,45
85,Martin,Woods,melissaprice@example.com,432-958-6249x61305,Matthewville,New Mexico,USA,32
86,Phillip,Brown,wgardner@example.net,(866)976-8277x9442,East Johnchester,Pennsylvania,USA,38
87,Stacy,Spencer,ogiles@example.org,+1-668-516-9391x8660,South Ashleeview,Rhode Island,USA,48
88,Brent,Acosta,melissamoreno@example.net,211-945-1180,New Joseph,Nevada,USA,38
89,Robert,Carr,iserrano@example.org,321.381.2623x2353,Jacobsport,Idaho,USA,70
90,Ashley,Mays,xpitts@example.net,918-219-5305,Port Olivia,Florida,USA,28
91,William,Ayala,sarah71@example.org,999.733.8620x50918,North Jenniferport,Virginia,USA,62
92,Teresa,Abbott,lisa48@example.org,(557)794-1275,Tylerbury,New Jersey,USA,68
93,Bethany,Hardy,kathrynrobertson@example.org,+1-542-473-6754x67051,New Scotthaven,New York,USA,20
94,Stephanie,Nelson,steventhomas@example.net,+1-507-712-1483x397,New Luis,New Mexico,USA,26
95,Anthony,Sanchez,jonathanrodriguez@example.net,257-568-3985x409,East Nicholas,Texas,USA,63
96,Chad,Melendez,lhouston@example.com,2379750876,New Nathanmouth,Indiana,USA,49
97,Marissa,Hernandez,tstewart@example.net,907-324-4143x72732,West Thomasfurt,Michigan,USA,63
98,Jeanette,Williams,tammy28@example.com,+1-769-716-5758,New Larry,Iowa,USA,61
99,Christopher,Ball,elizabethsolomon@example.org,437.318.7465x48277,West Ashleytown,Nevada,USA,44
100,Roy,Ford,howellmark@example.net,(277)391-9796x9608,Sharonville,North Carolina,USA,70
101,James,Turner,haysstacy@example.com,+1-824-856-1519,West Cheyenne,Virginia,USA,59
102,Bethany,Juarez,bspencer@example.org,(684)765-7024,Lake Pamelaville,Vermont,USA,65
103,Andrew,Lee,sarah03@example.net,340-915-3745x816,New Jennifermouth,South Carolina,USA,20
104,Gabrielle,Franklin,andreaburns@example.org,238.561.6165x6451,Lake Sandrabury,California,USA,24
105,Brian,Shea,caroline93@example.net,(399)914-7402x114,North Russell,Iowa,USA,51
106,Dawn,Ray,kchambers@example.com,(461)748-6291x8432,New Robinborough,California,USA,70
107,Brian,Jones,apriljacobs@example.com,(747)237-5943x153,West Leon,Massachusetts,USA,24
108,Ariel,Stevens,howardhenry@example.com,+1-535-613-2335x769,New Andreaberg,New Mexico,USA,55
109,Shannon,Peters,jamie66@example.com,+1-450-532-8001x4436,Port Erika,Kansas,USA,23
110,Kenneth,Kline,jason22@example.com,941-361-3147x03562,Dustinton,Massachusetts,USA,61
111,Shaun,Fisher,annabarnes@example.org,001-882-419-9660,Howardfort,North Dakota,USA,31
112,Mark,Matthews,michaelpowell@example.org,001-458-498-9482x680,North Valerieberg,Vermont,USA,43
113,Jacob,Parks,pmooney@example.com,001-473-789-7843x2741,Lake Toddport,Maryland,USA,54
114,Marie,Patel,destinyschmidt@example.com,+1-932-905-6469,East Erica,Colorado,USA,45
115,Nicholas,Horton,stephen34@example.com,9524244139,Williamsburgh,Kansas,USA,70
116,Thomas,Mccarthy,michael49@example.org,2586136007,West Erin,Ohio,USA,46
117,Carolyn,Cooper,gbrown@example.org,908-760-7864,South Matthew,Alabama,USA,49
118,Karen,Ford,hannahmelton@example.net,+1-899-590-2550,Port Heatherbury,Rhode Island,USA,68
119,Stephen,Murphy,tina37@example.org,001-882-805-4110x671,East Mariofurt,Tennessee,USA,50
120,Robert,Lewis,evansjennifer@example.org,001-836-252-4107x49055,South Angela,Washington,USA,59
121,Jennifer,Jackson,dana05@example.net,(274)677-5136x3422,South Christinamouth,Arkansas,USA,44
122,Aaron,Mullins,jodi39@example.com,001-586-684-4392x42938,Angelaport,Nevada,USA,54
123,Christina,Park,robinsonchristy@example.org,579-653-6402x76271,Stevenview,Ohio,USA,23
124,Alexandra,Morales,ohays@example.net,340-709-8441x45331,South Patrickmouth,California,USA,34
125,Sarah,Coleman,lgarcia@example.net,+1-940-564-9413x71225,Lake Christopher,Nebraska,USA,54
126,Kyle,Morris,jonesmichael@example.net,001-440-250-4176x2349,East Anita,Utah,USA,61
127,Natalie,Woodard,jennifer50@example.net,+1-467-919-8727x1742,Martinberg,South Dakota,USA,38
128,Derrick,Curtis,richard19@example.org,342-507-4179,Hopkinsside,Massachusetts,USA,37
129,Jasmin,Morrison,margaretsoto@example.org,(682)408-8206,Lake Kaitlyn,Pennsylvania,USA,18
130,Tonya,Ruiz,harriselizabeth@example.com,346-812-0832x32320,Pennychester,Oregon,USA,48
131,Thomas,Ingram,kingjanet@example.org,3884825721,South Tracey,Maine,USA,54
132,Sarah,Winters,john91@example.net,(220)972-1274,Port Kimberly,Connecticut,USA,52
133,Crystal,Daniels,ncook@example.org,+1-295-935-2597x2451,South Stephanieburgh,Washington,USA,47
134,Allen,Morales,ralph19@example.com,+1-473-306-1327x99218,Matthewfort,Oregon,USA,29
135,Kristin,Valentine,huffjohn@example.org,(514)691-1320x3884,Stewartmouth,Arizona,USA,19
136,Bobby,Lang,joshua47@example.org,001-464-780-0242,Carlosview,Oklahoma,USA,33
137,Curtis,Mccarthy,matthew22@example.com,001-810-667-4809,Stewartbury,New Mexico,USA,51
138,Christopher,Singleton,kchang@example.com,001-223-212-4738x69665,Wyattshire,South Carolina,USA,59
139,Daniel,Walker,devin35@example.net,789.517.6582,Stephenberg,Kentucky,USA,45
140,Bradley,Simon,hannah34@example.org,001-668-737-5761x0166,Lake Ginaside,Indiana,USA,70
141,Emily,Robles,kimberlyhicks@example.com,(338)729-8877,Smallburgh,Wyoming,USA,55
142,David,Taylor,kbyrd@example.com,321.235.7142x731,Morenoview,Maryland,USA,24
143,Nicholas,Fernandez,mcdonaldstephen@example.org,317.492.4314x34353,Port Anna,North Dakota,USA,68
144,Robert,Aguirre,lsmith@example.org,(985)265-3836x17672,Elliotttown,North Carolina,USA,52
145,Alicia,Walker,xward@example.org,(862)827-1399,Lake Brent,Maryland,USA,69
146,Joseph,Tapia,iklein@example.com,854.982.9575x809,New Nicoleberg,Vermont,USA,38
147,Tony,Barnett,brocktheresa@example.net,904-328-9341,Annettebury,Arizona,USA,62
148,Ian,Mullins,phughes@example.com,(262)838-6647x4909,Lake Vanessaburgh,Maine,USA,55
149,Belinda,Adams,ureed@example.net,295.603.2992,Port Rachelview,Oklahoma,USA,24
150,Nicole,Curtis,daniel13@example.org,+1-286-591-0271x881,Robinsonside,New Jersey,USA,46
151,Elizabeth,Brown,msmith@example.org,+1-221-995-4089x05864,Port Janetton,Mississippi,USA,46
152,Jesse,Chaney,michelle64@example.com,001-643-991-4336x7836,West Robertmouth,Utah,USA,32
153,Shannon,Martin,shannon66@example.org,001-597-717-3349x365,Reginaburgh,Louisiana,USA,54
154,Julia,Stewart,anita52@example.org,(666)734-7891x2198,Smithmouth,Georgia,USA,42
155,Glenda,Meyers,nicolewilliams@example.net,532-767-8441x926,Whitetown,New Hampshire,USA,20
156,Ryan,Preston,blackburnryan@example.com,4796874543,Morganview,Arizona,USA,70
157,Joshua,Hart,tluna@example.com,001-944-311-5327x5308,Kathrynborough,Hawaii,USA,50
158,Jesse,Long,mark00@example.org,001-882-471-1199x96057,South Ashley,Mississippi,USA,42
159,David,Hickman,larry58@example.org,469-650-4132,New Janet,Indiana,USA,57
160,Sara,Clark,anna22@example.com,001-734-343-8187x602,Richardfort,Louisiana,USA,41
161,Christopher,Sloan,acompton@example.org,(584)596-3923x9003,Lake Deniseport,Montana,USA,26
162,Brandon,Long,xdavis@example.org,(896)683-4133x428,Lake Timburgh,New Jersey,USA,29
163,David,Garza,kimberly42@example.net,(673)255-8197,Lake Lance,New Mexico,USA,42
164,Christian,Kelley,woodsthomas@example.net,798.654.8618x709,Sandraport,Florida,USA,50
165,Melissa,Moss,madisonhebert@example.org,687.591.1062x92577,New David,Arkansas,USA,26
166,Ricardo,Roberson,uharris@example.com,866-745-0944x988,Port Sheenafort,New York,USA,35
167,Meghan,Horton,youngchristine@example.com,+1-333-483-0283,Port Amandaburgh,Utah,USA,30
168,Trevor,Berg,francesbates@example.com,808.854.4530x639,Ashleyton,Wyoming,USA,30
169,Frederick,Bryan,ramosmary@example.com,525.888.7696x5344,Reneeside,Iowa,USA,43
170,Lauren,Humphrey,nweeks@example.net,559.503.4581x801,Micheleborough,Delaware,USA,44
171,Regina,Hays,worr@example.net,255-849-9986x3649,North Carlosport,Maine,USA,20
172,Jasmine,Douglas,butlerwillie@example.org,421.749.6801x7756,Port Ricky,Wisconsin,USA,60
173,Vanessa,Christensen,mkirby@example.org,290-701-6669x5524,Kellyside,Iowa,USA,65
174,Cheryl,Harris,hilljustin@example.org,(749)932-5451x630,New Kristen,New Hampshire,USA,40
175,Renee,Jones,christinagolden@example.net,309-287-0475,North Susan,Washington,USA,52
176,Renee,Thomas,rperez@example.com,001-266-788-1878x52193,South Scottfurt,Alabama,USA,20
177,Alicia,Trujillo,markandrews@example.org,214-467-2659x23579,Justinmouth,Indiana,USA,59
178,Erica,Wilkins,johngeorge@example.net,+1-287-290-5019x3529,Barbarachester,Arizona,USA,70
179,Ashley,Villa,jon61@example.net,2224799053,New Jodyview,Illinois,USA,69
180,Jose,Davis,moralesdavid@example.net,243-385-6757x032,East Peterbury,Alabama,USA,66
181,Megan,Rodriguez,debra74@example.com,219.465.0902,Krystalbury,Delaware,USA,55
182,Kimberly,Cooper,christophermatthews@example.com,7012207004,Christopherville,Nevada,USA,40
183,James,Tucker,susankey@example.org,935-278-7258x0963,Adamsview,Florida,USA,19
184,Trevor,Garcia,kristen18@example.net,(914)612-9573x181,New John,Kentucky,USA,25
185,Jennifer,Moreno,jfrench@example.com,267-341-2473,New Tamara,Illinois,USA,60
186,Jessica,Harrison,ryan64@example.com,549-698-4023x9691,New Peterfort,North Carolina,USA,48
187,Monica,Burch,whitakersarah@example.org,001-598-657-3101,Port Deanna,Vermont,USA,25
188,Jennifer,Conley,kdouglas@example.org,555-888-0510x629,South Cynthiafurt,Kentucky,USA,54
189,Matthew,Hawkins,tracypratt@example.org,563-641-5668,Ortiztown,Virginia,USA,30
190,Cindy,Dean,joelhopkins@example.com,(267)784-1145x59785,Aliceside,Missouri,USA,32
191,Oscar,Gallagher,bennettwendy@example.com,(515)962-6820,Anthonyhaven,Alabama,USA,28
192,Kelly,Solomon,swhitaker@example.com,(581)258-3037,Garnermouth,Texas,USA,18
193,Natalie,Brown,kristencruz@example.com,001-912-941-8502x534,Mayport,Ohio,USA,68
194,Bradley,Morales,travis47@example.net,987.443.4532,South Randy,North Carolina,USA,41
195,Tony,Thomas,brookelopez@example.net,001-279-864-5099,Harrisview,Wisconsin,USA,36
196,Robert,Gray,calvin76@example.net,3772361127,South Jonathan,Pennsylvania,USA,26
197,Robert,Griffin,lynn59@example.org,565-320-4816x4853,Taylorfort,Texas,USA,19
198,Mary,Campbell,shawn85@example.org,941-544-5694,Brendachester,Mississippi,USA,42
199,Brian,Gomez,barbaraperez@example.net,001-364-742-8378,New Christyville,Kansas,USA,41
200,Shane,Taylor,ypope@example.com,640-471-6419,Vegaside,Utah,USA,39
201,Candice,Taylor,xgreen@example.org,873.358.5617x62994,Port Michaelmouth,Delaware,USA,18
202,David,Bird,jennifercobb@example.org,001-316-404-7655x83263,Shieldston,Tennessee,USA,32
203,Christopher,Mitchell,kelly64@example.com,7536811462,Smithfurt,Delaware,USA,18
204,Elizabeth,Bradley,andrew17@example.com,(654)684-0584x39516,New Benjaminhaven,South Carolina,USA,63
205,Robert,Bailey,janetjones@example.net,537-393-9220,Caitlinberg,Colorado,USA,65
206,Stephanie,Pena,njones@example.com,482-449-9531x171,North Priscilla,Texas,USA,59
207,Eric,Peterson,derek28@example.org,+1-895-912-2545x13001,Lake Michaelton,Massachusetts,USA,55
208,Jennifer,Singleton,katie25@example.com,(465)650-1941,South Kyle,Rhode Island,USA,64
209,Steven,Jefferson,marybradley@example.com,309.372.8479x2370,Lopezmouth,Alaska,USA,37
210,Teresa,Chang,rebeccawilliams@example.com,857.568.3022x301,Odonnellville,Ohio,USA,26
211,Deborah,Gutierrez,kenneth13@example.net,668-716-3127x4137,Rosehaven,Nevada,USA,62
212,Margaret,Rogers,ywilliams@example.com,001-882-929-4703x59394,New Whitneyside,Delaware,USA,50
213,Pamela,Meadows,oanderson@example.net,(996)734-6557,East Kristophermouth,Virginia,USA,36
214,Kimberly,Bailey,lbowman@example.com,(385)380-7086x27516,North Thomas,Rhode Island,USA,38
215,Nathan,Dudley,smithwanda@example.org,761-621-0504x416,Alexanderside,Alabama,USA,29
216,Samantha,Bradley,burnskristin@example.org,923-848-3180,Port Feliciamouth,Missouri,USA,53
217,James,Crawford,brandonfields@example.com,968-770-8804,North Benjamin,Nebraska,USA,31
218,Anthony,Harris,eric13@example.org,891.584.4011x51581,Kellyborough,New Mexico,USA,41
219,Kimberly,Moore,kristen19@example.net,+1-266-654-4767x9331,Travishaven,New Jersey,USA,42
220,Jaime,Williams,jacksonchristina@example.net,271.333.9165x90412,South William,Washington,USA,43
221,Cassidy,Tran,stephanie51@example.com,957.876.7513x5327,Lake Brianna,Wisconsin,USA,40
222,Bryce,Reyes,lorettacastaneda@example.com,789.820.4498x155,East Michellestad,Texas,USA,60
223,Krystal,Drake,charles64@example.net,982.853.6724x83809,Port Ryanfurt,Tennessee,USA,57
224,Corey,Barton,thomasgarcia@example.org,+1-983-351-7443x297,Spearsside,Arkansas,USA,66
225,Tracey,Glass,nmoreno@example.net,001-927-915-0422,North Brandonchester,Connecticut,USA,24
226,Brittney,Chapman,jacobpeterson@example.net,233-781-4784x734,Meyerton,Mississippi,USA,47
227,Nathan,Nguyen,zmoss@example.net,670-604-4867x12898,Samuelport,California,USA,47
228,Katherine,Garcia,hnelson@example.net,436.950.1140x039,Smithland,Wisconsin,USA,53
229,Jennifer,Bryant,logan79@example.org,001-503-505-0449x82545,Smithbury,Delaware,USA,35
230,Steven,Wiley,thomas83@example.net,001-350-767-2629,New Maria,New Hampshire,USA,40
231,Cody,Calderon,uclayton@example.org,001-898-528-1281x98417,Sanderston,Louisiana,USA,40
232,James,Garcia,katherine98@example.com,797.469.2719,Lake Jeffrey,North Carolina,USA,39
233,Diana,Conner,nicole87@example.com,8708771417,West Michaelborough,Illinois,USA,31
234,Deborah,Johnson,oconnellpatrick@example.org,573-766-0522x36610,Kentborough,Montana,USA,60
235,Kelly,Myers,donald23@example.net,881.388.6868,Lake Tammy,California,USA,33
236,Hannah,Eaton,lorikeller@example.org,229-428-4177x16512,West Michael,West Virginia,USA,20
237,Julie,Jackson,wshaffer@example.org,001-623-900-7268x958,Jimmyfort,North Dakota,USA,24
238,Victoria,Jones,cindygarcia@example.org,+1-334-807-6422,Payneburgh,Georgia,USA,48
239,Stephanie,Christian,lbowen@example.org,(360)787-2660x2303,East Joe,Hawaii,USA,36
240,Whitney,Sawyer,gmiller@example.org,(867)751-4948,Lake Joshuabury,Massachusetts,USA,36
241,Kurt,Jones,lopezdavid@example.net,(611)720-0611x016,Adrianton,Washington,USA,38
242,Melissa,Horton,bensonmichelle@example.org,001-490-750-2524,Taylorchester,Arkansas,USA,20
243,Phillip,Roy,tanyabrowning@example.net,(858)344-7946x575,South Robertfort,South Dakota,USA,33
244,Paige,Mcfarland,jocelyn44@example.com,(968)570-8510x848,South Kristinbury,Massachusetts,USA,30
245,Shannon,Bowers,davidsoto@example.com,001-659-551-5373x656,East Dorothy,Georgia,USA,29
246,Nicholas,Miller,kathleen46@example.com,001-460-428-7313,Josephburgh,New Mexico,USA,36
247,Rachel,Richardson,krystal89@example.org,001-779-611-5318x29471,Emilyhaven,Kansas,USA,43
248,Shari,Gordon,pwood@example.net,(713)275-9558,Youngstad,West Virginia,USA,33
249,Jacob,Romero,angelaflores@example.com,(440)224-5995x6856,Lake Michael,New Jersey,USA,34
250,Jared,Krueger,dennis30@example.com,923-937-3187,Port Benjamin,Minnesota,USA,36
251,Zachary,Palmer,sanchezalexander@example.org,001-590-514-9039x37661,Rachaelbury,Hawaii,USA,56
252,Deborah,Herrera,bennettmichael@example.net,820.401.3992x804,Seanside,Maryland,USA,23
253,Michelle,Campbell,goodmanedward@example.com,788.612.5671,Williamfort,Texas,USA,30
254,Pamela,Clark,lisa15@example.org,731-320-8998x7779,Port Alexiston,Texas,USA,57
255,Richard,Cervantes,anthonygregory@example.net,283-880-2508,South Jennifer,Kentucky,USA,31
256,Luis,Anderson,jeremy80@example.org,001-343-786-2417x19727,Perryhaven,Minnesota,USA,30
257,Michael,Horn,hwilliamson@example.org,(519)922-5831x1580,West Thomasbury,Minnesota,USA,62
258,Jennifer,Morse,yharris@example.net,(763)943-3805x1320,Randallfurt,Pennsylvania,USA,70
259,Claire,Ramsey,lsimmons@example.org,+1-960-209-4155x556,Robinsonmouth,Massachusetts,USA,57
260,Amy,Garcia,ashley71@example.com,748.915.1094x65985,Gonzalezland,Georgia,USA,28
261,Tammy,Baker,ngardner@example.com,8233293406,Smithfurt,Wyoming,USA,58
262,Isabella,Smith,david99@example.com,5528117311,Lake Michael,Nevada,USA,31
263,Ashley,Pratt,meganfreeman@example.net,860-931-6357x318,Lake Lynn,New York,USA,55
264,Sarah,Reyes,kingjacob@example.com,(451)329-3287x0226,Robertstad,Wisconsin,USA,22
265,Reginald,Rodgers,wlindsey@example.com,341-797-6699x14304,Wardborough,Georgia,USA,66
266,Kathryn,Campos,ysheppard@example.net,231-832-4703x71916,West Dannychester,Michigan,USA,50
267,Jeffrey,Castro,jessicamarshall@example.net,+1-450-368-4807x08882,Tylerchester,Idaho,USA,20
268,Joshua,Moore,bstephenson@example.net,+1-872-853-2363x235,Lake Sarah,North Dakota,USA,41
269,Katherine,Medina,patrick83@example.org,001-740-509-6133,South Joyview,Pennsylvania,USA,67
270,Heather,Allen,schmidtjesse@example.com,+1-618-733-1802,Ramirezfurt,Vermont,USA,67
271,Christine,Fletcher,wreynolds@example.org,343.202.0398x7839,Chavezside,New Mexico,USA,65
272,Rebecca,Stafford,gomezwilliam@example.net,503-696-6158,East Eugene,North Dakota,USA,18
273,Robert,Valentine,bruce42@example.com,(704)965-8633x316,Petersonmouth,Alabama,USA,46
274,Heather,Price,swillis@example.com,6019553732,Wendyshire,Kentucky,USA,52
275,Theodore,Lara,guerreroerin@example.org,504-209-5420x22640,West Maryview,Idaho,USA,53
276,Courtney,Stevens,jonathan17@example.org,4222501937,South Carlyborough,Vermont,USA,37
277,Jorge,Harrison,williecarson@example.net,367.294.0068,New Davidmouth,Rhode Island,USA,56
278,Daniel,Brown,samuel48@example.net,2257472522,New William,North Carolina,USA,32
279,Jacqueline,Underwood,matthew40@example.com,001-301-557-0396,Claybury,Massachusetts,USA,64
280,Michael,Dixon,sosaerica@example.net,474.422.8856,South Ashleyberg,Texas,USA,20
281,Catherine,Ford,bsanders@example.net,(355)471-5595x688,Dennisview,Indiana,USA,52
282,Danielle,White,xnguyen@example.org,544-939-6814,Linborough,Colorado,USA,23
283,Steven,Villarreal,connorweiss@example.com,+1-926-892-4046x06884,West Josechester,Pennsylvania,USA,64
284,Sarah,Berg,gonzalezray@example.com,001-677-424-1950x23603,Johnsonbury,Maine,USA,30
285,Chloe,Stanley,eric59@example.org,6314436937,Noahburgh,Tennessee,USA,62
286,Joseph,Johnson,natalie81@example.org,001-404-955-6493x30678,North Briannaborough,Kansas,USA,56
287,Zachary,Cameron,andrewclark@example.net,349.329.2998x370,West Isabelfurt,Washington,USA,49
288,Tammy,Johnson,coreygomez@example.net,795.311.2980x5859,North Mary,Mississippi,USA,44
289,Megan,Simmons,brooksclayton@example.net,(306)936-8639,Jonesburgh,Alabama,USA,38
290,Sean,French,qcombs@example.org,+1-634-826-0130x26032,West Brittanybury,Texas,USA,35
291,Amber,Thomas,brightadam@example.org,493.588.7523,Port Jennyport,Florida,USA,66
292,Kelly,Rogers,billymorgan@example.org,(834)326-7248x8501,Port Cameronhaven,Michigan,USA,57
293,Chelsea,Brown,jamesdecker@example.com,280-505-3794x2134,North Josephmouth,Vermont,USA,66
294,Steven,Hendrix,hansonlaura@example.com,+1-579-635-0734x70452,Greenberg,Iowa,USA,26
295,Matthew,Donaldson,brookecole@example.com,873-855-6648x11323,South James,Delaware,USA,60
296,Kimberly,Davis,heatherrodriguez@example.org,001-269-859-8689x9512,Kimberlyberg,New York,USA,55
297,Andrew,Mcfarland,josephnelson@example.com,8249925356,Amyhaven,Utah,USA,36
298,William,King,kim55@example.org,264-253-1655x280,Murphybury,New York,USA,53
299,Jodi,Gonzalez,robert53@example.com,001-628-841-1455x2208,New Michelle,Minnesota,USA,23
300,Don,Underwood,jesse31@example.com,+1-444-809-8368x756,Port Brookeborough,Texas,USA,53
301,Jeffrey,Mckinney,patricktaylor@example.net,+1-840-945-8050x13669,North James,New Hampshire,USA,69
302,Cassie,Garza,pwilliams@example.com,001-659-762-5618x108,East Karenport,South Dakota,USA,47
303,James,Rodriguez,qcastro@example.com,8404005981,Sarahmouth,Alabama,USA,45
304,Michelle,Berry,nfisher@example.com,+1-861-991-0075x8245,North Jeremiahfurt,Vermont,USA,36
305,James,Walker,jodibonilla@example.com,+1-830-628-0388,Bakerville,Indiana,USA,33
306,Frederick,Dorsey,scott16@example.org,001-925-432-1176x612,West Kevinville,California,USA,51
307,Nicole,Wilson,kelleyvickie@example.net,001-445-782-9632x7413,Martinshire,Michigan,USA,24
308,Christina,Lloyd,markcharles@example.net,001-619-452-5908x151,West Lori,North Carolina,USA,19
309,Jason,Wall,npage@example.net,(548)695-3903x245,Brandyborough,Maryland,USA,68
310,Lisa,Mcdonald,brett06@example.net,(957)268-7925x0247,South Matthewshire,Oregon,USA,67
311,Thomas,Jensen,nichole85@example.org,839.944.3331,West Suzannestad,Georgia,USA,25
312,Brandon,Dawson,kcarter@example.com,001-913-758-4501x2521,Vangchester,Alabama,USA,19
313,Courtney,Swanson,klinejustin@example.org,+1-809-477-7256x951,Duncanstad,New Jersey,USA,27
314,Lindsey,Cameron,jasonwillis@example.net,652.205.2292,Paulview,Colorado,USA,32
315,Matthew,Jacobs,steven91@example.org,973.703.9745x5877,East Davidbury,North Dakota,USA,39
316,Joshua,Prince,michaelclark@example.com,+1-805-832-9990x959,Lynnshire,Montana,USA,54
317,William,Miller,smartinez@example.com,(536)446-0082x7697,Tammyside,Vermont,USA,62
318,Jonathan,Greer,stevenparks@example.org,(317)547-0010x88730,Spencerfurt,Delaware,USA,50
319,Christopher,Burton,donaldcastro@example.net,001-994-763-8404x294,Gallaghershire,Delaware,USA,20
320,Victoria,Rodriguez,petersensabrina@example.net,925.674.7804x6199,Jessicaview,Oregon,USA,32
321,Mark,Roberts,linzachary@example.org,946.555.4122,North Kathryn,Texas,USA,37
322,Philip,Arroyo,myersmichelle@example.com,322.665.7690x339,Michelleport,Rhode Island,USA,52
323,Brandy,Quinn,gonzalezjerry@example.net,8347611422,Melissashire,Ohio,USA,38
324,Anthony,Henderson,ilopez@example.com,441-432-0608x30398,New Sean,Hawaii,USA,65
325,Marcus,Brown,jennifer31@example.com,001-357-485-3890x723,Brycechester,Delaware,USA,47
326,Daniel,Diaz,shawna44@example.net,(978)358-2136,North Julia,Nebraska,USA,47
327,Michael,Gomez,garciacrystal@example.com,001-756-282-6625,New Tiffanyland,Missouri,USA,68
328,Hayley,Bowen,mary74@example.org,827-264-3373x32709,Gibsonland,North Dakota,USA,23
329,Keith,Nielsen,ugonzales@example.org,+1-215-686-6479,Youngside,Washington,USA,27
330,Robert,Smith,davisallison@example.org,(994)576-2076x8750,East Peterville,Maryland,USA,43
331,Richard,Vance,tyler49@example.org,202-452-8147,Gillbury,Hawaii,USA,54
332,Nathan,Griffin,lmendez@example.net,+1-428-272-8737x8548,New Edwardview,Nevada,USA,18
333,Timothy,Delgado,arnoldjoshua@example.net,9298736016,Lake Stephaniehaven,Oregon,USA,68
334,Leslie,Ruiz,dianagreen@example.com,+1-598-616-0572x45253,Antonioberg,Minnesota,USA,48
335,Melody,Lewis,sandrapatel@example.com,8406924502,Zavalaburgh,Montana,USA,30
336,Theresa,Martin,williammontgomery@example.org,3832802110,Port Craig,Colorado,USA,39
337,Jennifer,Murray,josephclark@example.com,375-594-1542,Fordtown,Nebraska,USA,35
338,Jacob,Mccormick,hernandezkimberly@example.net,2072526001,New Jonathanmouth,Mississippi,USA,59
339,Justin,Bennett,lisa20@example.net,(726)745-1117,Greerside,Tennessee,USA,33
340,Cassandra,Sims,cooperjoseph@example.org,(458)312-6020,Cameronburgh,Iowa,USA,28
341,Gerald,Vargas,jay80@example.net,405-629-1511x047,Dennisborough,South Dakota,USA,33
342,Joel,Phelps,swilliams@example.com,+1-389-368-4151,East Aliciafort,Connecticut,USA,49
343,Christopher,Stone,roberthayes@example.org,340.964.1598x335,Port Yolandaburgh,Michigan,USA,22
344,Cody,Williams,jennifergonzalez@example.org,001-516-725-6395,Shirleyshire,Florida,USA,55
345,Amber,Williams,zvasquez@example.net,(358)813-4767x105,Galvanfort,Washington,USA,45
346,Jennifer,Foster,baileyariana@example.com,+1-346-456-3172,Leahport,Georgia,USA,55
347,Ruben,Rhodes,adriana63@example.org,(381)950-6847,Brownfurt,Hawaii,USA,37
348,Nathan,Reyes,amber85@example.org,329-618-6219x3442,Jameschester,Montana,USA,41
349,Jamie,Simon,wruiz@example.com,8815812228,North Philip,South Carolina,USA,26
350,Ethan,Allen,brandy26@example.com,001-472-946-0390x93556,Westbury,Georgia,USA,43
351,Susan,Diaz,silvamary@example.com,864-368-7397,Kennethshire,Kentucky,USA,60
352,Andrew,Lynch,vburns@example.net,(563)784-8445,West Tiffany,North Dakota,USA,46
353,Kayla,Stewart,anthonycampbell@example.com,241-981-2734,South Ashley,Virginia,USA,56
354,Brian,Trujillo,tzamora@example.com,(502)267-2975,West Sydney,Tennessee,USA,39
355,Karen,Pugh,karabauer@example.com,200.729.0644x1474,East Rickyland,Kentucky,USA,64
356,Julie,Stephens,coffeyalan@example.org,671.368.8980x7252,Edwardmouth,Vermont,USA,65
357,Natasha,Phillips,santanajennifer@example.com,888-949-8754,North Kristinburgh,Kentucky,USA,26
358,Jennifer,Foster,lisa19@example.net,664.565.3668x718,North Nicholasland,Vermont,USA,56
359,Jackie,Ballard,janice95@example.com,219-260-4674,Mcfarlandshire,Texas,USA,31
360,Gabriel,Shaw,johnbrown@example.org,424.691.0631,New Abigail,North Carolina,USA,51
361,Traci,Richards,ooconnor@example.com,+1-585-586-0759x3244,Erichaven,Nevada,USA,69
362,William,Porter,tonylopez@example.net,605-816-0089x14970,Veronicafort,Tennessee,USA,42
363,Lynn,Ferguson,scott38@example.net,477-561-3628x42977,East Kelly,Georgia,USA,47
364,David,Mcclure,tparker@example.org,+1-803-333-5740x1423,West Jaychester,Kansas,USA,68
365,Heather,Torres,martinsamantha@example.net,249-583-9913,Port Debraland,Wisconsin,USA,59
366,Monica,White,kristy86@example.org,3493958975,Sarahmouth,New Mexico,USA,18
367,Melissa,Greene,sellersmegan@example.com,305-967-0813x5922,Alexabury,North Dakota,USA,39
368,Melissa,Hernandez,jessica51@example.net,538.355.2898x300,South Devinberg,Maryland,USA,26
369,Aaron,Hatfield,patricia09@example.org,215-374-1548,New Jenniferberg,Oklahoma,USA,60
370,Rachel,Sutton,sonyaadkins@example.com,001-687-591-9521x858,Daleland,Nevada,USA,47
371,Tina,Schmidt,ldavis@example.com,(326)615-4273x753,Allisonton,Montana,USA,31
372,Christopher,Smith,lisa36@example.org,+1-768-342-4542x9684,Jodyton,Florida,USA,32
373,Benjamin,Warren,tlong@example.net,+1-777-230-6915x717,Mcgrathbury,Massachusetts,USA,70
374,Stephen,Keith,holtpaul@example.net,377-670-0182x323,New Maryside,South Dakota,USA,32
375,George,West,sherry76@example.org,(739)216-6282x598,North Bryanfort,Delaware,USA,18
376,Bryan,Lang,morrispatricia@example.org,2837469536,Lake Gina,Nebraska,USA,19
377,Gina,Lewis,jbailey@example.net,263.830.1555,Richardsonchester,Washington,USA,27
378,Amy,Hale,erikvillanueva@example.com,(285)467-8007,North Markhaven,Kansas,USA,24
379,Ashley,Simpson,guy93@example.net,001-912-601-2289x4610,Wendyhaven,Mississippi,USA,61
380,Douglas,Miller,melanie82@example.com,+1-457-244-9688x2581,East Sherrystad,Washington,USA,57
381,Ryan,Avery,ahenderson@example.com,+1-596-479-2268x686,Lake Michaela,Oregon,USA,64
382,Patrick,Sullivan,christinareyes@example.net,+1-274-851-4245x69326,Ginamouth,Utah,USA,52
383,Michelle,Hamilton,badams@example.net,886.490.3839,Catherinemouth,Delaware,USA,36
384,Catherine,Mata,mjohnson@example.net,977.230.6558,Ricehaven,Maryland,USA,60
385,Tamara,Scott,janice11@example.com,445-483-1086x6749,North Lindseyland,Kansas,USA,64
386,Anna,Jones,amy98@example.com,293.252.8820,Port Nathaniel,Missouri,USA,48
387,Stephanie,Brown,brucecrystal@example.org,(702)538-8132,South Madison,Rhode Island,USA,60
388,Scott,Lucero,carrieadkins@example.com,001-212-587-8838x00834,Kellymouth,Alabama,USA,61
389,Annette,Burke,pricecharles@example.org,578.429.4994,South Karenside,Kansas,USA,49
390,Joseph,Pace,rachelanderson@example.org,769.588.8979x28645,Mitchellton,Colorado,USA,67
391,Kurt,Nguyen,laurenhurley@example.net,987-213-9292x97854,Wilsonport,Colorado,USA,24
392,Gina,Joyce,williamevans@example.org,530-313-8359x81051,Lake Alexandria,Alaska,USA,57
393,Phillip,Atkins,john56@example.net,(543)352-7145x838,Fullerside,Nevada,USA,28
394,Richard,Young,jimenezbrian@example.org,(829)726-4823x6586,West Chelsea,Louisiana,USA,27
395,Gary,Nelson,kaitlynlong@example.org,(584)832-4861,Anthonyshire,Illinois,USA,31
396,Gail,Davis,monique32@example.com,001-414-314-7571x3407,Stephaniechester,Utah,USA,37
397,Steven,Johnson,williamortiz@example.net,(994)811-3415x1856,Woodsland,Nebraska,USA,51
398,Chelsea,Freeman,arnoldlinda@example.org,310.903.1424,Hernandezview,Montana,USA,49
399,Laura,Day,gregory54@example.org,+1-224-537-9467x71701,Donaldburgh,Florida,USA,46
400,Dennis,Campos,georgewolf@example.org,001-412-829-2796x11449,Gonzaleztown,Maine,USA,48
401,Erin,Fitzpatrick,johnsonemma@example.org,001-644-929-7517,New Richardport,Mississippi,USA,29
402,Kimberly,Dean,thomasantonio@example.com,(758)787-1995x557,Georgeshire,Wyoming,USA,69
403,Julia,Serrano,kevinvelasquez@example.com,585.835.4779x05925,Bradleyview,Massachusetts,USA,34
404,Donald,Moore,justin34@example.org,767-468-0439,West Thomasshire,New Mexico,USA,58
405,Anthony,Rivera,terri34@example.net,(809)561-5735,North Brittanyside,Hawaii,USA,32
406,Sara,Perez,christiansharon@example.com,001-459-412-2568x4275,Port Benjamin,North Dakota,USA,49
407,Amy,Miller,bjohnson@example.com,585-538-9567x53900,Rickyborough,Massachusetts,USA,18
408,Sarah,Pope,russellbrooke@example.com,3894484793,Adamschester,Rhode Island,USA,61
409,Angela,Bennett,michaelhoward@example.org,(332)488-8499x468,Carolynfort,Texas,USA,18
410,Victoria,Boyd,barrdaniel@example.com,458.255.6318x82396,Wagnerfort,North Carolina,USA,49
411,Jaclyn,Kelley,medinaamanda@example.net,913-427-8377x8128,Elizabethton,Wisconsin,USA,32
412,Troy,Savage,lgrimes@example.net,332.672.9870x5557,Johnview,Washington,USA,21
413,Elizabeth,White,wilsonmegan@example.com,(657)357-3059x9882,West Jennifer,North Carolina,USA,27
414,Felicia,Lawson,gomezcassandra@example.org,+1-791-798-0713,Tracyborough,Connecticut,USA,70
415,Taylor,Mcbride,davisbrittany@example.org,+1-278-542-1394x65324,Flemingland,South Carolina,USA,40
416,Brett,Watts,julia90@example.net,417-464-6459x0202,Stephanieton,Wisconsin,USA,58
417,Terri,Lopez,smendoza@example.net,+1-249-738-3912x5336,South Tracyborough,Rhode Island,USA,57
418,Eric,Walker,samanthamartinez@example.com,200-694-2351,Lake Annside,Maryland,USA,56
419,David,Davis,corey55@example.com,416.213.4917,Lake Vincent,West Virginia,USA,46
420,Crystal,Lin,kayla76@example.com,001-397-648-5475,New Vincentmouth,Washington,USA,54
421,Jeff,Leonard,perezalexander@example.net,(604)709-5067,Williamsland,Hawaii,USA,27
422,William,Fischer,sharondonovan@example.net,001-377-379-5318x441,Nicholston,Indiana,USA,69
423,Stephen,Scott,toddpatel@example.com,321-520-1756x277,North Jason,Connecticut,USA,36
424,Dwayne,Beck,greenbryan@example.org,001-220-931-4661x7026,Rossborough,Idaho,USA,22
425,Nathan,Torres,christophermartin@example.net,307.911.7125,Morganberg,Ohio,USA,69
426,Dakota,Vasquez,taylor89@example.org,639-404-9927x133,Lake Lori,Illinois,USA,63
427,Phillip,Hoffman,savagelevi@example.com,+1-502-941-5483,Millerstad,Hawaii,USA,29
428,Patricia,Perez,howellmark@example.org,9132974643,North Thomasborough,West Virginia,USA,42
429,Michele,Garner,cunninghamaaron@example.org,667.802.3665,South Faithstad,Tennessee,USA,44
430,Adriana,Jones,angela86@example.net,413-929-9647x305,Evansmouth,Colorado,USA,21
431,Laurie,Henry,gregory87@example.org,001-533-944-1686x310,Jameston,Iowa,USA,19
432,Sarah,Hill,jasonswanson@example.org,733-405-5622x81730,North Donnaville,Colorado,USA,51
433,Linda,Anderson,ingramstephanie@example.com,889.425.9408x2968,East Amandabury,South Dakota,USA,51
434,George,Vasquez,caroljackson@example.com,782-337-6635x31059,East Ginatown,Mississippi,USA,19
435,Mitchell,Oneill,smartinez@example.com,387.898.2847x30336,Tiffanyland,Utah,USA,43
436,Leslie,Friedman,ymendoza@example.org,+1-598-910-8433x602,Jonestown,Maine,USA,35
437,Daniel,Ruiz,kristin34@example.org,001-352-302-4812x01676,North Lance,Oregon,USA,38
438,David,White,xelliott@example.com,001-439-439-1423x32826,West Timothymouth,Illinois,USA,21
439,Jennifer,Pugh,justinlopez@example.org,929-481-4080,Kimburgh,Arkansas,USA,53
440,John,Hartman,hopkinsdavid@example.com,001-465-928-5760x02825,Richardtown,Pennsylvania,USA,51
441,Joshua,Jensen,sherry02@example.org,491.473.8987,North Scottland,Pennsylvania,USA,62
442,Mark,Burns,kevinthompson@example.com,8322377247,East Kristenton,Maryland,USA,24
443,Jessica,Stevenson,annamann@example.net,323.981.5074,West Edward,Louisiana,USA,25
444,David,Woods,dillonalejandra@example.org,001-213-229-2705x4729,Hodgefurt,Missouri,USA,57
445,Patrick,Vargas,abriggs@example.net,463-881-8605x139,Lake Brittanybury,Arkansas,USA,57
446,Cameron,Mcgee,robinsonnicole@example.com,719.860.5781x718,Port Jason,West Virginia,USA,51
447,Regina,Hernandez,kevinvaldez@example.com,(974)436-5808,Mooreborough,Colorado,USA,35
448,David,Turner,janet60@example.org,733.532.0632x38005,South Danielfurt,Missouri,USA,50
449,Lisa,Brown,james35@example.org,445.999.0002,West Timothy,Michigan,USA,20
450,David,Wolfe,joshua71@example.net,483-680-3477,Micheleburgh,Idaho,USA,61
451,Nicole,Perez,jameswhite@example.net,+1-328-882-2790x9706,Simpsonbury,Vermont,USA,22
452,Mindy,Hatfield,mitchelllowery@example.org,001-838-871-6521x3938,East Kimberlymouth,Hawaii,USA,31
453,Sheila,Martin,lewisthomas@example.com,714-283-7878,Jacksonmouth,Pennsylvania,USA,20
454,Joe,Spencer,ygibson@example.net,287.629.1810,Michellefort,Idaho,USA,18
455,Cheryl,Jones,austintucker@example.com,(227)910-4600,Rosarioville,New York,USA,23
456,Dustin,Allison,anthony86@example.org,397.509.2193,East Nathanielburgh,Idaho,USA,34
457,Rachel,Schultz,phillipsangela@example.com,001-373-563-3966x43246,Johnsonmouth,Tennessee,USA,38
458,Ashley,Brown,youngcarlos@example.net,001-674-353-8420x00338,Masseyland,Michigan,USA,62
459,Raymond,Powell,mcintyrekevin@example.net,2956778172,Port Matthew,Nebraska,USA,21
460,Carolyn,Huffman,jefferyjackson@example.org,(790)973-8167,South Rebecca,Colorado,USA,33
461,Crystal,Lawrence,contrerasjillian@example.net,+1-221-325-1235x40093,Kelleyside,Michigan,USA,64
462,Jacob,Maldonado,stacymyers@example.com,001-363-303-8431x4635,Rachelport,Massachusetts,USA,31
463,Jennifer,Swanson,lruiz@example.com,001-585-972-4974x90655,Scotthaven,Vermont,USA,51
464,Jennifer,Gomez,erika53@example.org,+1-596-547-0951x180,East Michaelport,Wisconsin,USA,44
465,Amanda,Mclaughlin,reidjason@example.net,001-891-844-9995,Chloefort,Illinois,USA,41
466,Nancy,Barnett,bensondaniel@example.net,001-684-730-2015,West Stephenhaven,Pennsylvania,USA,32
467,Melissa,Olson,victorwilliams@example.com,424.358.1283,Donnastad,Tennessee,USA,35
468,Michael,Hudson,johnsonandrew@example.net,001-381-474-4368,Josechester,North Dakota,USA,39
469,Sara,Harris,brandonpeters@example.org,700-300-1450x422,West Theodore,Montana,USA,64
470,Janet,Cole,christopherjohnson@example.org,+1-551-769-4417,North Douglasshire,Rhode Island,USA,38
471,Peter,Brown,christopherhall@example.net,967.677.9703,Sandraport,Wisconsin,USA,19
472,Kristina,Walker,anthony29@example.com,(990)208-2186x081,West Kelseybury,Maine,USA,54
473,Phillip,Bishop,daygina@example.org,322-373-2289,Christiantown,Oklahoma,USA,38
474,Joshua,Adams,cartermegan@example.net,(350)615-1283,Fishermouth,Alabama,USA,24
475,Emma,Walters,ybrown@example.net,8489726123,West Gabriel,Kentucky,USA,32
476,Daniel,Horn,christopherowens@example.com,959-640-0880,Alyssabury,Massachusetts,USA,68
477,Melanie,Marquez,johnhoover@example.org,+1-563-699-8349x42609,Dominiqueton,Washington,USA,27
478,Alyssa,Bryant,eharris@example.com,636-504-8818x72327,West Elizabethport,Pennsylvania,USA,20
479,Jessica,Thompson,curryeric@example.com,(858)211-8904,New Michael,Alabama,USA,35
480,Edward,Brown,frichardson@example.net,669.693.0066,South Carlosview,Colorado,USA,40
481,Erin,Morgan,bleonard@example.com,001-376-393-4855,New Sean,South Carolina,USA,53
482,Matthew,Chase,hensleytyler@example.org,(943)677-0716,North Brian,New Hampshire,USA,54
483,Joseph,Ingram,kpineda@example.net,001-727-253-8457x506,Port Jenniferland,Maine,USA,38
484,Natasha,Ferguson,adamleach@example.com,297-745-0476x9192,East Taylorshire,North Dakota,USA,39
485,Ronald,Atkinson,zwatson@example.com,+1-618-705-6995x4241,Josephtown,Washington,USA,34
486,Dana,Benitez,kwhite@example.com,001-886-620-9091x81201,Matashire,New Jersey,USA,53
487,Robert,Morales,monica99@example.com,+1-861-880-9789,Michaelview,Idaho,USA,69
488,Ronald,Horton,kristinaroberson@example.com,+1-497-398-9833x172,Nicoleside,North Carolina,USA,27
489,Danielle,Ross,ihopkins@example.com,(541)493-9542x7691,Hoffmanberg,Virginia,USA,46
490,Jessica,Rowe,jennifer65@example.com,284-397-3139x9777,West Michael,Nevada,USA,23
491,Evan,Maldonado,kelsey30@example.org,506-751-4484,North Thomas,Maine,USA,43
492,Jennifer,Bass,wwelch@example.org,806-391-0894,West Carol,Texas,USA,51
493,Derrick,Jordan,thomas52@example.net,(972)705-4853,East Christopher,Utah,USA,68
494,Megan,Cantrell,huynhcody@example.org,(817)300-4266x52044,South Ryanmouth,New York,USA,66
495,Justin,Cruz,alexanderhernandez@example.org,001-882-562-4085x53451,Fernandezville,Iowa,USA,53
496,Brianna,Turner,gdavis@example.org,4375760702,South Reginaldburgh,Georgia,USA,60
497,Kaylee,Bryant,kmclaughlin@example.net,483.508.1170x41600,Wallacetown,Arkansas,USA,22
498,Bonnie,Davis,sean90@example.org,+1-216-797-9745x77029,Mcleanview,South Dakota,USA,42
499,Alexandria,Webb,xherrera@example.com,442-441-9584x019,West Diamondton,Tennessee,USA,18
500,Brian,Carter,jacksonderrick@example.com,001-337-373-7020,Roweburgh,New Jersey,USA,38
501,Hunter,King,julie93@example.org,+1-935-281-5593x12278,Lake Christopher,Nebraska,USA,57
502,Curtis,Juarez,caitlin34@example.org,972.610.5601,Rubenhaven,Colorado,USA,69
503,Jesus,Fowler,priceandrea@example.net,(914)574-6571x6672,Smithton,Delaware,USA,43
504,Teresa,Hoover,fwade@example.net,001-783-368-3428x87654,New Deanmouth,North Carolina,USA,64
505,Philip,Hicks,youngrobert@example.com,(818)278-2778,West Dawn,Idaho,USA,30
506,Christopher,Vargas,patrickflowers@example.com,001-816-741-6085,Seanstad,West Virginia,USA,61
507,Karen,Perry,ggonzalez@example.org,(908)260-0748x613,South Amanda,Wisconsin,USA,49
508,Scott,Jenkins,josephmata@example.org,001-826-765-0354x826,Amberland,Kentucky,USA,61
509,Brett,Lopez,amber87@example.com,253-797-3528x159,Sonyaberg,South Carolina,USA,49
510,Tiffany,Price,benjaminwhite@example.net,388.304.5172x8218,Martinton,Oklahoma,USA,48
511,Edwin,Robinson,charlesstewart@example.com,001-914-242-4302x43570,Cortezfurt,Missouri,USA,59
512,Angela,Gilbert,bradylawson@example.net,+1-302-372-6245,Williamsville,Montana,USA,69
513,Austin,Banks,schwartzjennifer@example.org,(207)329-0965x33675,Port Melissa,Montana,USA,54
514,Kristina,Bruce,clinejoshua@example.net,879.657.0503,Mcknightland,New Hampshire,USA,52
515,Brenda,Williams,lloydharold@example.com,456.711.4251x226,East Christinabury,West Virginia,USA,63
516,Amber,Marshall,hnielsen@example.com,001-211-991-3697x220,Coxhaven,California,USA,20
517,Michael,Morris,koliver@example.net,675-863-7450,Williamsshire,South Carolina,USA,21
518,Kevin,Underwood,feliciacruz@example.net,269-657-0058x26143,Danatown,Vermont,USA,54
519,James,Steele,jennifer69@example.org,8438407448,Salasland,Ohio,USA,27
520,George,Perkins,alexisfletcher@example.org,617.342.2816x092,South Daniel,Mississippi,USA,57
521,Raven,Ramos,rodriguezchristian@example.com,(339)447-2787x50267,Marquezview,Delaware,USA,62
522,Eugene,Stone,craigmark@example.com,(909)961-3058,East Heatherton,Indiana,USA,66
523,Andrew,Hardy,robertgonzales@example.com,001-943-262-1324,Candacetown,Minnesota,USA,30
524,Andrew,Wright,jwashington@example.org,001-984-566-9170x4944,West Roy,Minnesota,USA,50
525,Melinda,Williams,klong@example.com,7075937046,Graytown,Georgia,USA,46
526,Carl,Bell,vneal@example.net,001-865-436-4641x8848,Port Jason,Idaho,USA,22
527,Sarah,Oliver,bgardner@example.org,865-673-1931,North Brian,Texas,USA,52
528,Ronnie,Powell,coffeycheryl@example.org,620.633.7856x24408,Anthonystad,Kansas,USA,18
529,Denise,Vaughn,jasmine88@example.org,(517)523-5604,North Reneemouth,Kansas,USA,20
530,Janet,Santana,susanwade@example.net,001-634-285-6875,Turnerstad,Idaho,USA,36
531,Joseph,Peters,jenniferroy@example.org,365.350.5769x0284,Lozanostad,Idaho,USA,32
532,Cassandra,Jones,dwalker@example.com,618.535.9285x419,South Paulshire,North Dakota,USA,59
533,Howard,Walton,johnbates@example.org,238.614.2755,Ramosmouth,Massachusetts,USA,40
534,Tina,Mason,glassjulie@example.com,001-575-889-6236,Lake Bryanberg,Massachusetts,USA,57
535,Teresa,Harrison,psoto@example.org,+1-943-575-1626x04346,East Laura,Wyoming,USA,54
536,George,Todd,toddsteele@example.net,+1-443-664-0335x636,Brendafurt,Florida,USA,39
537,Megan,Hughes,sonyaguzman@example.org,001-420-404-3319x753,Port Jennifer,Nevada,USA,37
538,Monica,Logan,laura22@example.com,001-481-295-0855,Williambury,West Virginia,USA,41
539,Mary,Jones,david56@example.com,803-481-1089x865,Comptonland,Kentucky,USA,58
540,Heather,Edwards,sandra95@example.org,833.675.0076,Kimberlyton,Oregon,USA,60
541,Lisa,Miller,hmeyer@example.org,+1-345-668-8425x9751,New Andrealand,New Hampshire,USA,40
542,Andrew,Lawson,kennedyheather@example.net,281-951-8902x647,North Dawn,Minnesota,USA,20
543,Mary,Smith,gail38@example.com,640.813.4567x131,Tylerfort,Vermont,USA,64
544,James,Schultz,cklein@example.org,586-678-7386,Lake Michelleburgh,Missouri,USA,50
545,Dana,Watson,michellecrosby@example.net,001-543-826-6691x110,Ellenville,Maryland,USA,64
546,Jeffrey,Walter,tadams@example.org,(699)996-7795x055,Thompsonchester,New Jersey,USA,46
547,Jacqueline,Tucker,robertcarroll@example.net,727.756.0727,Anneview,Rhode Island,USA,29
548,Kyle,Gonzalez,nicholasrobinson@example.net,001-396-432-5277,Murphymouth,West Virginia,USA,24
549,Lisa,Chandler,mikaylawoods@example.net,(251)286-5795x15139,Tinafort,New Jersey,USA,51
550,Christina,Hines,johnsonlaurie@example.com,(928)671-5863x5651,Patrickmouth,Michigan,USA,51
551,Dillon,Vargas,gbenson@example.com,785.660.3715x161,Harrisonburgh,Florida,USA,19
552,Leslie,Harrington,jennifer28@example.com,+1-521-717-8783x704,East Laurenhaven,Texas,USA,25
553,Guy,Smith,aschultz@example.com,689.401.3974x3735,North Anthonyton,North Dakota,USA,68
554,Jason,Hunter,johnsonmike@example.net,001-817-430-4532x23167,Port Sandra,Utah,USA,46
555,Robert,Rodgers,andrewhernandez@example.org,285.905.1869,Rodriguezville,New Mexico,USA,27
556,Chelsea,Hall,mcdowelljessica@example.net,711-239-4038,Millstown,Washington,USA,37
557,Renee,Lam,pittmancaitlyn@example.org,505.282.8397,Port Crystalmouth,South Carolina,USA,66
558,Christopher,Castillo,theresa67@example.org,341-732-5916x109,Floresville,Oregon,USA,48
559,Megan,Brown,vbowman@example.com,001-341-518-7728x8578,East Phillip,California,USA,66
560,Tiffany,Ruiz,smithtara@example.net,+1-549-772-2526x0490,Port Joanna,Vermont,USA,23
561,Tracy,Maldonado,lfox@example.net,745.476.3536x3779,Shirleyville,Mississippi,USA,58
562,Cynthia,Tucker,gbarrera@example.org,417-411-7205,North Aliciaberg,Florida,USA,65
563,Cathy,Garcia,pettychristopher@example.net,001-941-357-1020,Lake Dylan,Minnesota,USA,52
564,Mary,Fritz,jlopez@example.org,+1-625-534-5140x572,Kellerton,Arkansas,USA,50
565,Alex,Rodriguez,harrycook@example.org,+1-674-760-5281,West Brian,Rhode Island,USA,65
566,Paul,Owens,robertjones@example.net,001-652-576-2869x6963,Vasquezmouth,Texas,USA,40
567,Craig,Hanson,smithnicholas@example.net,(599)313-0708,East Randyburgh,Delaware,USA,30
568,Julie,Garcia,ronaldmoore@example.net,+1-252-502-2663,West William,Nebraska,USA,26
569,Heather,Alexander,jeffriggs@example.net,(371)666-0841x6628,Port Brandiview,North Carolina,USA,18
570,Mary,Mccarthy,eburch@example.com,+1-805-339-1914,Lake Vincentstad,Oklahoma,USA,46
571,Christopher,Blankenship,wrightbrianna@example.org,9607628776,Parkside,Missouri,USA,41
572,Christopher,Brown,jose83@example.com,(394)314-7588,Fullerfurt,Idaho,USA,25
573,Heather,Brown,daniellemyers@example.org,(988)351-5508,Obrienfurt,Oklahoma,USA,66
574,Kimberly,Lambert,tanya11@example.net,9835749593,Port Samantha,Florida,USA,37
575,Rebecca,Jones,brownhailey@example.net,3932422112,Port Jenniferside,California,USA,69
576,Jennifer,Turner,wagnergabriel@example.org,522.573.5549,East James,Mississippi,USA,55
577,Carol,Stephens,tonycopeland@example.org,619.481.8326x2517,Pottsfort,California,USA,33
578,Danielle,Bentley,jennifer85@example.net,9548487557,Dicksonberg,New Mexico,USA,59
579,Sandra,Hernandez,browndawn@example.org,001-876-961-7926,Port Jonathan,Alabama,USA,30
580,Janice,Williamson,ssalas@example.org,+1-970-720-6563x3499,Cheyennefurt,Michigan,USA,34
581,Justin,Weaver,fjackson@example.net,424.661.4612x780,Johnsontown,Maryland,USA,37
582,Karen,Houston,figueroajohn@example.org,(339)289-3208x9857,Jessicaland,Kansas,USA,41
583,Alexis,Avila,andrew68@example.net,(538)469-2168x53185,North Lori,Mississippi,USA,41
584,Kyle,Jordan,burnsrachel@example.com,365-488-5396x405,Lake Anthony,Vermont,USA,21
585,Corey,Hawkins,davisamanda@example.org,(256)406-3940,North Tracey,Illinois,USA,18
586,Tracey,Nelson,whendricks@example.org,2129205843,Lake Ryan,Wyoming,USA,67
587,Ryan,Carter,bdawson@example.org,+1-585-823-6827x21522,West Brian,Wyoming,USA,24
588,Elizabeth,Bradshaw,wallacekenneth@example.com,+1-217-376-9719x0983,South Jeremyhaven,Montana,USA,19
589,Patrick,Hardin,michaelchaney@example.org,+1-428-528-1264x41264,East Michael,New Mexico,USA,68
590,Tiffany,Arnold,kristie82@example.net,+1-326-316-4116x26676,Tonyfort,Connecticut,USA,64
591,Lauren,Hernandez,npalmer@example.com,+1-508-373-4107,Scottbury,Ohio,USA,34
592,Jamie,Ochoa,ystevens@example.net,+1-476-800-1957x865,Mcleanborough,New Mexico,USA,55
593,Christopher,Daniels,ramirezelaine@example.net,548.502.8368,Coleview,Oregon,USA,65
594,Latoya,Rodriguez,goliver@example.org,(219)845-2847,East Megan,Texas,USA,70
595,Shannon,Crosby,bennettdavid@example.net,001-281-431-7596x88401,Wyattbury,Rhode Island,USA,54
596,Joshua,Campbell,jasminemay@example.net,297.985.0777,Doylefort,South Dakota,USA,44
597,Brandon,Farley,shannonrivera@example.org,319.401.8977,North Anna,Michigan,USA,63
598,Mary,Hudson,yeseniacole@example.net,001-877-733-6734x608,Lewisland,Alaska,USA,23
599,Tina,Duke,joseph62@example.org,(880)440-0607x2350,North Janemouth,Texas,USA,60
600,Ryan,Esparza,leechris@example.net,001-312-923-1840x5382,Klineview,Maine,USA,52
601,Tamara,Kaiser,uobrien@example.com,001-916-772-6804x4269,South James,Illinois,USA,65
602,Kara,Young,randall77@example.org,(732)721-7764x610,Robertfurt,North Dakota,USA,42
603,Jennifer,Perez,mcarrillo@example.com,872-471-7998x3821,Deleonhaven,New Jersey,USA,26
604,Warren,Petersen,dean04@example.net,383.862.2512x64860,Allenside,Maine,USA,19
605,Patricia,Rodriguez,stoneterry@example.net,(370)574-0933x0034,Fisherstad,Kentucky,USA,33
606,Tamara,Ward,sergioperez@example.com,001-562-651-8733,Heatherport,Arkansas,USA,53
607,Carrie,Huff,johnsmith@example.com,511.875.7494x20419,Port Sandra,Virginia,USA,39
608,Megan,Wade,pcruz@example.org,+1-504-909-7880x4710,Laneport,Louisiana,USA,23
609,Sarah,Mclean,proctormelody@example.com,353-804-9930,West Derrickburgh,California,USA,29
610,Andrea,Mcgee,virginiacooke@example.net,+1-636-592-3678x54947,East Connor,Texas,USA,54
611,Elaine,Maxwell,romerorachel@example.org,275-874-1657,Lake Michael,Alabama,USA,63
612,Jade,Martin,myerschad@example.org,3158967512,South Jefferyville,Oklahoma,USA,58
613,Jessica,Smith,fbush@example.net,+1-307-711-0607,North Elizabethview,Virginia,USA,19
614,Christine,Sullivan,erikamartinez@example.org,3098917778,Johnsonborough,Nebraska,USA,37
615,Deborah,Sloan,mcdanieldaniel@example.net,952.750.5796,Lake Deborahmouth,North Carolina,USA,19
616,Chad,Tran,michelle68@example.net,3039415742,North Antonioside,Utah,USA,60
617,Christopher,Martin,jasminematthews@example.com,6889395019,New Jason,Nebraska,USA,34
618,Christopher,Torres,gonzalesscott@example.com,705-394-4157,Piercefort,Nevada,USA,26
619,Brandon,Romero,yesenialane@example.org,001-482-376-5111x55756,Davishaven,Arkansas,USA,49
620,Megan,Barker,jeffrey37@example.net,(281)446-1913,Tyroneview,Montana,USA,18
621,Michael,Cabrera,lindseyeddie@example.org,001-627-568-2137x212,North Regina,South Dakota,USA,62
622,Olivia,Smith,nancygordon@example.net,(967)330-6264x97599,East Louiston,Delaware,USA,46
623,Sharon,Mccall,johnsonsusan@example.net,588.687.4951x82369,Michaelside,Delaware,USA,42
624,John,Pearson,vnichols@example.net,526.796.3050x137,Changhaven,New Hampshire,USA,52
625,John,Martinez,donna42@example.com,402.760.8092,Jasonhaven,New Hampshire,USA,34
626,Robert,Hall,deborahtaylor@example.com,(238)247-2422,West Robin,Wisconsin,USA,19
627,Nicholas,Ford,debbiewillis@example.com,(682)609-5538x907,Port Ashley,Mississippi,USA,34
628,Robert,Warren,henrysmith@example.com,001-786-843-8615x49938,Cindyburgh,South Carolina,USA,64
629,Brittany,Oliver,gouldjoel@example.net,200-599-1169x864,Port Roberttown,Colorado,USA,68
630,Tyler,Lin,mmorris@example.org,333-894-4631x05359,Brittanyton,Michigan,USA,33
631,Debra,Bell,michael57@example.com,279-897-5111,Howellstad,Idaho,USA,30
632,Melinda,Clements,thomaswilson@example.org,(775)888-9970,Lake Dianaburgh,Connecticut,USA,67
633,Peter,White,adamsmatthew@example.com,001-314-772-9585x75357,Longmouth,Vermont,USA,55
634,Alexander,Barnett,lloydtimothy@example.org,001-908-576-2260,New Lisatown,North Dakota,USA,48
635,Cheyenne,Li,melissa48@example.net,918.358.8964,Emilyview,Minnesota,USA,20
636,Dylan,Roberts,tcunningham@example.net,(215)637-2237,West Amanda,Delaware,USA,67
637,Brian,Mccoy,aaronjones@example.net,(308)826-7999,Derekmouth,Rhode Island,USA,46
638,Jennifer,Green,dtucker@example.com,452.553.4412,South Loriland,Alabama,USA,40
639,Lucas,Perez,hhicks@example.org,+1-858-724-7744x5803,New Tiffanymouth,Indiana,USA,37
640,Nicole,Brown,kristinaroberts@example.org,928.793.8425x0935,Carlfort,Vermont,USA,66
641,Nicholas,Lawrence,joshuageorge@example.org,984-227-4333x3247,Brucefort,Kansas,USA,35
642,Christine,Thomas,ianguerrero@example.net,(968)236-2250x832,Peterfurt,Missouri,USA,23
643,Tommy,Fuller,brodriguez@example.com,391-845-7134x41336,Mistyport,New York,USA,70
644,Andrew,Chase,jennifer02@example.net,(957)297-1421x113,West Olivia,Idaho,USA,61
645,Nathan,Jones,christopher17@example.com,(842)740-0721,North John,New York,USA,36
646,Kenneth,Atkins,jeffersonann@example.org,803.304.2204,Port Edwardshire,North Dakota,USA,21
647,Heather,Thornton,florestrevor@example.net,001-537-553-6439x52994,New Andrea,Massachusetts,USA,27
648,Holly,Neal,abenitez@example.com,+1-804-813-8733x559,South David,Iowa,USA,20
649,Lisa,Hill,jonathanvalencia@example.com,444.640.9174x283,Robertton,Idaho,USA,44
650,Donna,Clark,lisafitzgerald@example.org,001-480-857-7195,Lake Scott,California,USA,36
651,Courtney,Parrish,brewerkimberly@example.com,+1-341-344-0623x78037,East Vincent,Virginia,USA,65
652,Anna,Schmidt,kellithomas@example.org,9502156077,Humphreychester,North Dakota,USA,44
653,Cindy,Dickerson,ehernandez@example.org,5342920888,Douglasshire,Washington,USA,26
654,Brandon,Richard,david71@example.net,001-316-209-8975,New Ashley,Massachusetts,USA,41
655,Melanie,Rogers,tina71@example.net,+1-276-295-1140x8075,West Anthony,Hawaii,USA,70
656,Michelle,Banks,eric15@example.com,+1-662-243-1588x41210,North Mary,Massachusetts,USA,19
657,Patricia,Thomas,deankrista@example.org,+1-913-495-2433x34851,Lindamouth,New Jersey,USA,27
658,Larry,Richards,ashleyayers@example.org,(331)786-8407,Markton,Oklahoma,USA,60
659,Amber,Nelson,kleinlori@example.com,(721)999-8852x147,North Lesliemouth,Hawaii,USA,40
660,James,Johnson,danieljohnson@example.com,832-215-9695,North Laura,Missouri,USA,48
661,George,Brown,janetcabrera@example.net,+1-718-440-8285x9862,East Brianside,Colorado,USA,45
662,Ashley,Nguyen,chelsea46@example.com,223.215.6899x770,Jenniferview,Kentucky,USA,22
663,Richard,Harrell,mrodriguez@example.org,+1-526-625-8156,Ashleyside,Kansas,USA,53
664,Jennifer,Black,fischeramber@example.com,3769856118,Port Ericafort,New Jersey,USA,36
665,Nicholas,Butler,gregoryashley@example.org,+1-765-730-8897x97862,Barrhaven,Delaware,USA,38
666,Joel,Stevens,barbarasuarez@example.net,637.458.3560x06549,Katherinefurt,Vermont,USA,36
667,Amy,Dawson,matthew99@example.net,405-692-0144x7802,New Jessicaberg,Oklahoma,USA,32
668,Gregory,Singh,hayesdaniel@example.org,(248)379-5592,East Elizabethfurt,Maine,USA,63
669,Andrew,Wyatt,ashleyalvarez@example.org,629.436.2759,Whitemouth,California,USA,61
670,Chelsea,Erickson,pcoleman@example.net,+1-301-422-4491x20778,Barneshaven,Iowa,USA,70
671,Joseph,Reed,xavierwalker@example.org,221.781.1130x521,West Shirley,Connecticut,USA,39
672,Mark,Jimenez,dblack@example.com,+1-845-960-8857,Wattshaven,South Carolina,USA,40
673,Donna,Castillo,brewerelizabeth@example.org,(738)299-9542,Johnmouth,Alabama,USA,51
674,Christopher,Hoffman,john81@example.com,440.567.0452,Port Victor,Georgia,USA,70
675,Rachel,Howard,xfarley@example.net,421.749.0514,South Jamesview,South Carolina,USA,37
676,Norma,Walker,garrett25@example.org,001-514-559-8142x24043,Georgeborough,Virginia,USA,69
677,Pamela,Ballard,kelsey17@example.net,001-777-506-6494,Jamieside,Alaska,USA,19
678,Patricia,Ruiz,kbrewer@example.net,826.240.9219,East Michael,North Dakota,USA,33
679,Michelle,Brown,emily35@example.com,951.661.9737x192,Kevinstad,West Virginia,USA,30
680,Mark,Kirk,ericacarpenter@example.org,666-217-9844,Christophertown,Maryland,USA,34
681,Melinda,Taylor,lisabooth@example.net,669-423-2431x0079,East Daniel,North Carolina,USA,38
682,Kirk,Williams,lisamartinez@example.com,263-929-6029,Jamesbury,Vermont,USA,69
683,Kevin,Galloway,rodriguezalexander@example.org,625.408.7069,West Courtneybury,Michigan,USA,55
684,Keith,Perry,brooksraymond@example.net,497-200-5008,Port Danielle,Tennessee,USA,26
685,Jacob,Coleman,mcdanieljoseph@example.com,342.777.5585,New Alexa,North Dakota,USA,27
686,Donald,Park,carpenterjoshua@example.com,460.245.7191x57869,Ramosmouth,Nebraska,USA,54
687,Seth,Massey,carrillomonique@example.org,+1-381-993-1224x58573,West John,Nebraska,USA,38
688,Victor,Rodriguez,petersontheresa@example.org,(436)346-7040x920,North Steventown,Mississippi,USA,49
689,David,Murray,lluna@example.com,001-474-205-5016,Hallborough,Virginia,USA,26
690,Jack,Thornton,hayestammy@example.org,227.900.8683,Stephaniestad,Kentucky,USA,38
691,James,Donaldson,moniqueprice@example.com,(838)772-9222,New Crystalport,Pennsylvania,USA,65
692,Rebecca,Miles,qschultz@example.org,5279911017,Codyview,Wisconsin,USA,60
693,Raymond,Hogan,anthony69@example.org,(638)519-9414,Roberthaven,Minnesota,USA,35
694,Tricia,Riley,lcochran@example.org,001-455-679-8853x78689,Crystalbury,Mississippi,USA,38
695,Elaine,Griffith,beasleydanielle@example.org,312.743.3852x50182,Rodriguezmouth,Indiana,USA,27
696,Oscar,Morrison,ybailey@example.com,001-496-785-7230,Johnborough,Washington,USA,55
697,Jennifer,Skinner,schroederpatty@example.com,766-561-0473x2588,Chadfurt,New Mexico,USA,20
698,Kelly,Robertson,buckleyalicia@example.org,647-614-7543x75326,New Carla,Montana,USA,63
699,Daniel,Shaw,greeneemily@example.net,001-997-668-6125,Randystad,Virginia,USA,45
700,Kerri,Mcdaniel,amanda83@example.org,(690)621-0846,Port Anthonychester,Utah,USA,35
701,Craig,Walton,browneric@example.net,+1-860-360-2292x405,Maciasland,Alaska,USA,39
702,Jillian,Hayes,savannahmack@example.com,(888)822-7008,Lake Ruthmouth,Kentucky,USA,19
703,Zachary,Krause,hschwartz@example.org,(290)893-7579,Webbstad,Arizona,USA,63
704,Daniel,Johnson,josephdouglas@example.org,2842690140,South Gloriaview,Missouri,USA,50
705,Mary,Barker,davidjefferson@example.org,+1-450-321-4906x471,New Deborah,Rhode Island,USA,22
706,Heather,Johnson,laura96@example.org,+1-308-948-7060,South Craig,Maine,USA,20
707,Ronald,Cooper,biancamills@example.org,001-729-993-6095,Danatown,Arkansas,USA,59
708,Timothy,Benjamin,cgardner@example.net,278.375.3091x34549,Port Matthewfurt,Mississippi,USA,49
709,Justin,Reynolds,zlang@example.com,647.310.3860x4173,Williammouth,Idaho,USA,50
710,Manuel,White,jduran@example.net,652-757-4006x367,North Brandonview,North Dakota,USA,64
711,Nicole,Mccoy,jay57@example.com,(548)606-8862,Mcleanbury,Iowa,USA,61
712,Brian,Pearson,andrew31@example.net,689.521.9242,Port Ryanborough,Missouri,USA,39
713,Garrett,Wood,meredith57@example.net,+1-513-874-8186x672,New Kellymouth,Massachusetts,USA,25
714,Anthony,Vaughn,douglasryan@example.net,(344)224-1494x27893,Martinezview,Oregon,USA,70
715,Jacob,Hernandez,nconrad@example.org,421.441.3715x215,Hurstchester,Georgia,USA,19
716,Lori,Bates,annarios@example.org,001-567-280-7546,Juliemouth,Maryland,USA,61
717,Kristen,Curtis,davidjames@example.org,001-592-838-5887x535,Gardnermouth,West Virginia,USA,31
718,Charles,Lara,vickiethompson@example.com,6707243067,Dennisfort,Maryland,USA,34
719,David,Hicks,dwoods@example.com,(248)225-9857x92588,North Willie,Vermont,USA,19
720,Kayla,Clarke,craigpowers@example.com,(571)658-0192,Davistown,Arkansas,USA,56
721,Christina,Collins,gabriella21@example.net,292.925.3186,Garciahaven,Massachusetts,USA,52
722,Tina,Franco,shawn93@example.com,001-686-806-9146x972,Port Riley,Ohio,USA,35
723,Donna,Mitchell,kevincampbell@example.net,+1-569-610-0086x339,Davisburgh,Ohio,USA,55
724,Malik,Ortiz,wsmith@example.net,945.983.0136x3165,East Heather,Tennessee,USA,52
725,Brian,Smith,jessehanson@example.net,001-670-697-0878x8347,Gilberttown,Vermont,USA,63
726,Sarah,Green,jamie40@example.org,001-635-896-0839x28302,Piercefort,South Dakota,USA,70
727,Vanessa,Mendez,hillcraig@example.org,587-402-7643x3047,Michelleberg,Indiana,USA,55
728,Sarah,Chung,davidweber@example.com,689.537.2181,Crystaltown,Tennessee,USA,21
729,Jessica,Bell,christinelogan@example.org,495.802.7578x0533,Nguyenburgh,Texas,USA,30
730,Megan,Robinson,monique32@example.net,(863)995-2171,Robertmouth,Massachusetts,USA,34
731,Mark,Perez,dominguezrachel@example.net,+1-568-889-2416x48847,Elizabethfort,Missouri,USA,28
732,Samantha,Conrad,tony33@example.org,826-937-9403,East Kyle,Connecticut,USA,25
733,Mark,Lewis,brucehood@example.com,519.695.0452x5083,South Jennifer,Florida,USA,34
734,Patricia,Henson,sbrown@example.net,222.694.4742,South Evanbury,Kansas,USA,39
735,Christian,Rogers,manuel17@example.org,(599)971-0184x4378,North Katherineside,North Dakota,USA,63
736,Eric,Bryant,wilsontonya@example.org,001-705-638-0185x677,New Thomasstad,Arizona,USA,39
737,Jennifer,Roth,brad70@example.org,(388)642-0302x894,Mitchellstad,Montana,USA,57
738,Carolyn,Gonzales,keith61@example.net,(498)420-4967,Port Alfred,Washington,USA,26
739,Denise,Evans,iwaller@example.com,3318353151,Schultzhaven,Connecticut,USA,48
740,Richard,Gonzalez,ricardo85@example.org,490.640.0603x590,Clarkmouth,Illinois,USA,23
741,Lauren,Phillips,thompsonbrent@example.org,(751)961-6156x9363,Huertafurt,New Mexico,USA,30
742,Joshua,Roman,hhuang@example.org,222.703.6441,Lake Larrychester,Colorado,USA,31
743,Calvin,Wright,jillchaney@example.net,+1-334-517-1569x043,Port Kellytown,Alaska,USA,33
744,Steven,Arnold,kristibrown@example.org,(339)838-7559x87041,West Yolanda,South Carolina,USA,32
745,Alex,Moore,mark68@example.net,749-543-1097,New Kelli,Florida,USA,54
746,Paul,Vaughn,wesleypark@example.org,+1-369-488-8254x1207,West Dale,Illinois,USA,37
747,Nathan,Thomas,christy69@example.net,260-382-4046,Tranfurt,Delaware,USA,24
748,Thomas,Parks,jacksonamy@example.net,001-350-576-7797x614,Jenniferland,Minnesota,USA,50
749,Jennifer,Rich,grimestina@example.com,+1-927-926-1082x7863,South Deanshire,New Mexico,USA,40
750,Henry,Hubbard,darrellrobinson@example.net,548-865-9790,North Ashleyton,Alaska,USA,43
751,Adam,Roberts,qmcgee@example.net,(821)625-4998,Robertville,Kentucky,USA,51
752,Matthew,Brown,austintate@example.com,706-774-3659x274,Seanland,Idaho,USA,51
753,Randall,Golden,wconway@example.net,+1-940-206-0397x85874,Taraside,New York,USA,28
754,Dale,Grant,jeremy17@example.com,(557)212-4995x89266,New Sonya,Arizona,USA,56
755,John,Miller,ievans@example.com,+1-427-999-7800x81786,Gravesfurt,Louisiana,USA,49
756,Lawrence,Wade,denise23@example.org,707-466-4579x19551,Bethshire,Maryland,USA,21
757,Christopher,Johnson,howardgerald@example.com,(853)464-2318x9310,West Daniellemouth,New Jersey,USA,23
758,Loretta,Garza,sstanley@example.org,(918)661-2595,Michelletown,California,USA,19
759,Emily,Castro,arnoldwesley@example.org,001-577-490-5035x397,New Christinaburgh,New Mexico,USA,38
760,Veronica,Reynolds,fernandezedward@example.com,5608626941,East Wayne,New Hampshire,USA,35
761,Spencer,Parrish,leah94@example.org,522-893-7798x480,Evanton,Pennsylvania,USA,61
762,Sharon,Rojas,thomas00@example.net,001-559-843-6367,Barajasport,Florida,USA,52
763,Lisa,Freeman,megan10@example.net,991.521.0578,Timothyfurt,California,USA,19
764,Erica,Ortiz,charles88@example.com,(793)383-1992x052,Estesshire,Utah,USA,31
765,Carla,Castro,dawn89@example.net,648.474.5052x41338,Maryberg,Tennessee,USA,43
766,Vincent,Berger,robertofoster@example.com,504-646-5287x4917,North Christopher,Florida,USA,26
767,Charles,Thomas,walkerbrian@example.org,001-531-207-1220x6585,Ashleyborough,Florida,USA,24
768,Abigail,Johnson,heatherdean@example.net,001-350-774-5995x52857,Richardsonville,South Dakota,USA,65
769,Michael,Robinson,kevin72@example.com,001-569-836-4263x551,Georgeborough,Massachusetts,USA,21
770,Amy,Duffy,owashington@example.org,203-989-7876,East Adam,Kansas,USA,64
771,Catherine,Ruiz,erica84@example.net,(929)642-4020x5122,Valdezview,Virginia,USA,60
772,Jason,Martin,john01@example.net,655-616-7417x563,North Samantha,Ohio,USA,24
773,Rachel,Friedman,danielhuerta@example.net,(235)715-2817,Mossburgh,New Mexico,USA,22
774,Kelli,Harris,nicole21@example.org,(962)462-0798x18403,Smithland,Minnesota,USA,48
775,Diana,Singh,kmcdaniel@example.net,593.548.6783x13469,Port Patricialand,New Jersey,USA,56
776,Joseph,Mathis,michael08@example.net,422-677-5395,New Courtneymouth,Massachusetts,USA,25
777,Gregory,Preston,stewartmichael@example.com,764.512.0334x05951,South Elizabethstad,Tennessee,USA,68
778,Oscar,Herrera,allisonlaurie@example.org,+1-758-963-7364x245,Jasonfurt,Ohio,USA,43
779,John,Lloyd,aterrell@example.org,001-726-885-9792,Robertview,Illinois,USA,30
780,Scott,Carlson,dale52@example.org,305.316.6098x1863,Wardbury,South Dakota,USA,37
781,Anne,Williams,pdiaz@example.net,456-449-8724,South Carrieborough,New Hampshire,USA,56
782,Paul,Smith,robert92@example.com,889-345-3423x6258,Pachecoberg,Oklahoma,USA,63
783,Curtis,Murray,donna75@example.net,(967)900-3422,Mcbrideshire,New Jersey,USA,58
784,Amy,Turner,angelanderson@example.com,+1-594-779-5079x5147,West Deannaland,Colorado,USA,18
785,Jessica,Beasley,sandrarodriguez@example.com,6426450350,North Darlene,New York,USA,66
786,Nathan,Boyd,cindybass@example.com,450.683.8476x65637,Howardburgh,Arkansas,USA,41
787,Kelly,Bowman,carrie95@example.net,001-206-840-3174x5423,Jenniferville,New Mexico,USA,48
788,Robert,Gutierrez,seanaguilar@example.net,(637)305-1706x15617,Stevenport,Maine,USA,56
789,Donna,Mckenzie,tbryant@example.org,+1-979-259-0354x0110,Garciafort,Maryland,USA,39
790,Timothy,Boyer,cody79@example.org,769-259-4990x8279,Davisfurt,Utah,USA,20
791,Miguel,Edwards,pauladkins@example.org,001-267-302-3265,Port Nicole,Delaware,USA,29
792,Jocelyn,Davis,kyleking@example.com,001-324-910-3573x598,Lake Amy,Arizona,USA,68
793,David,King,paul71@example.org,+1-671-660-0348x7753,Courtneyville,Wyoming,USA,36
794,William,Arnold,dawnwalker@example.com,+1-870-351-5033x6975,New Kristibury,Georgia,USA,70
795,Desiree,Moody,randy88@example.org,291-689-4391x882,New Crystalborough,Minnesota,USA,56
796,Robert,Allen,petersonaaron@example.net,+1-562-210-6419,Aprilside,Mississippi,USA,45
797,Victoria,Washington,malonenancy@example.net,(838)336-3228x84571,North Erinshire,Alaska,USA,40
798,Joseph,Barnett,zlopez@example.com,(739)806-3060x504,Keithside,Wyoming,USA,60
799,Stephanie,Lopez,christian30@example.net,+1-206-272-6755x757,Lewisside,Arkansas,USA,48
800,Kimberly,Ross,robert47@example.com,875-573-5440x1711,Websterberg,Tennessee,USA,29
801,James,Williams,daycaitlin@example.org,613-738-6552x6522,New Matthewberg,Wyoming,USA,31
802,Wanda,Lewis,aprilcarter@example.org,439-780-0722,South Joanna,Florida,USA,24
803,Kristin,Brown,stephenallen@example.net,+1-556-426-2760,North Sarahborough,Wisconsin,USA,63
804,Damon,Braun,rodriguezcindy@example.net,001-851-291-7684,Sanchezfort,Ohio,USA,42
805,Xavier,Gonzalez,judith10@example.net,+1-265-507-8236x1812,South Rachel,Massachusetts,USA,20
806,Joel,Rose,williamsruben@example.org,414.708.1261,Dennisburgh,Tennessee,USA,43
807,Paul,Hubbard,psherman@example.org,+1-926-594-4584,Valeriemouth,New Jersey,USA,68
808,Rebecca,Collier,adamsamanda@example.net,(815)789-5710,North Jayside,Kansas,USA,41
809,Melissa,Moore,ashley50@example.net,+1-372-766-5032x448,North Susanshire,Washington,USA,39
810,Charles,Sawyer,baileycheryl@example.com,(823)787-7706x6191,Smithberg,Georgia,USA,66
811,William,Meyer,awest@example.org,(276)952-3573,Stevenfurt,Georgia,USA,37
812,Lisa,Eaton,mthomas@example.org,001-775-661-3588x28231,Jillview,Utah,USA,51
813,Stephanie,Hardy,kelsey47@example.net,(252)375-7173x6869,Port Alexandermouth,Texas,USA,20
814,Robert,Tate,morganjulie@example.com,456.225.7253x61374,Port Michellebury,Tennessee,USA,54
815,Melinda,Perkins,hmartinez@example.org,808.958.0081,South Jonathanchester,Tennessee,USA,40
816,Darren,Morgan,dunnangela@example.org,(451)452-8509x152,Lake Ashley,North Dakota,USA,50
817,Joanne,Bauer,brittanymadden@example.com,271.385.0402x650,Tammyside,Florida,USA,65
818,Scott,Simon,ginamitchell@example.org,516.940.6645x876,Christopherhaven,Hawaii,USA,39
819,Elizabeth,Johnson,marshwilliam@example.net,819.554.9748,East Marybury,Maine,USA,29
820,Alexander,Robinson,elizabeth42@example.com,+1-700-661-3079x16953,New Crystal,Vermont,USA,18
821,William,Neal,usimpson@example.org,492.986.9522,South Nicholestad,Nebraska,USA,40
822,Madeline,Rodriguez,jeffrey09@example.net,+1-281-715-3820x2542,Anitabury,Pennsylvania,USA,50
823,Crystal,Thompson,zbrown@example.com,(831)627-4434x37330,Port Rachelville,Wisconsin,USA,24
824,Richard,Stone,colleenfernandez@example.org,395-212-3310x13845,Port Bruceberg,Colorado,USA,48
825,Cassandra,Mcguire,aguilarseth@example.org,001-927-745-2607x40820,Port Jenniferburgh,Oklahoma,USA,23
826,Jonathan,Snyder,daviskimberly@example.org,(765)695-5196x4039,East Stephaniechester,Arkansas,USA,45
827,Michael,Tanner,michael50@example.org,(923)255-3094x65409,North Sarahton,New Mexico,USA,45
828,Douglas,Wallace,millermichael@example.com,223-827-5444x85047,Mooreville,Idaho,USA,54
829,Michael,Townsend,krausedoris@example.org,949-336-7818x1817,Phillipsbury,Mississippi,USA,34
830,Kevin,Jordan,raymondfisher@example.org,+1-732-898-3681x25619,North Denise,Pennsylvania,USA,56
831,Kelli,Hill,sandralopez@example.net,001-483-863-6631x83787,South Keithfurt,South Carolina,USA,24
832,Aaron,Carroll,rubensweeney@example.net,(457)814-2153x6803,Edwardsmouth,Massachusetts,USA,50
833,Abigail,Hardy,smithluis@example.com,(772)936-2008x190,New Robert,Maine,USA,24
834,Teresa,Smith,riveravickie@example.net,754-912-8348,West Jasonmouth,Texas,USA,63
835,Amber,Haynes,kinganthony@example.com,884.941.2353x9617,Port Anthonyside,Florida,USA,62
836,Tanner,Berry,ronald35@example.net,226-688-4339,East Travis,Alaska,USA,44
837,Jeremy,Bush,garciamichael@example.net,855-997-5391x08796,South Debbie,West Virginia,USA,18
838,Lydia,Brooks,myersmichelle@example.org,220-293-4922x05991,Port Kellymouth,Louisiana,USA,31
839,Cindy,Smith,nguyenchloe@example.com,4187362248,Chaneymouth,Vermont,USA,38
840,Timothy,Nunez,kelliturner@example.org,566-757-7277,Mcdonaldhaven,Oregon,USA,45
841,Fred,Ellison,thomas36@example.net,(718)729-2337x541,Port Rachelfort,Georgia,USA,57
842,Makayla,Burke,johnsontony@example.org,(362)397-3642,Michelleberg,New Hampshire,USA,63
843,Ruben,Hunt,teresa69@example.org,+1-490-669-2837x8690,Port Donna,Minnesota,USA,23
844,James,Watson,douglasmario@example.com,(294)624-3138,East Jameschester,North Dakota,USA,38
845,Cory,Merritt,brendaturner@example.com,+1-701-392-7703x4320,Maldonadoport,Utah,USA,62
846,Ashley,Bowman,vthompson@example.com,447-758-6007x21700,New Melinda,Nebraska,USA,49
847,Brandon,Miller,daniellee@example.net,(794)683-5785,Jacobmouth,Hawaii,USA,40
848,Carol,Peters,gutierrezcaleb@example.com,001-590-287-1232x078,North Elizabethfurt,Kansas,USA,43
849,Molly,Hernandez,angela45@example.org,625-574-6423,West Jamesmouth,Colorado,USA,68
850,Robert,Kramer,daltonperkins@example.net,+1-776-416-3768,East Kathrynview,Missouri,USA,35
851,William,Scott,haydenkayla@example.org,(792)861-5784,Lake Tiffanychester,Wisconsin,USA,20
852,Shannon,Young,racheljohnson@example.com,396.306.0161x102,Dustinfurt,Missouri,USA,43
853,Mario,Owens,woodryan@example.net,(480)960-8222x94649,Mayberg,Georgia,USA,49
854,Nicole,Lee,johncowan@example.com,588-589-9024x75345,North Kendraborough,North Carolina,USA,46
855,Jeffrey,Graham,jamestucker@example.net,684-603-4758,Lake Juanton,Kansas,USA,46
856,Daniel,Fitzgerald,brettedwards@example.org,640.529.1434x04289,Lake Dana,New Hampshire,USA,21
857,Julia,Watkins,bjones@example.com,(973)284-0298,Smithstad,California,USA,65
858,Jenna,Hill,ageorge@example.net,+1-892-751-9681,Port Robert,North Carolina,USA,70
859,Meghan,Vargas,alisha12@example.com,331.288.4537x06571,South Mariaville,North Dakota,USA,66
860,Andrea,Shaw,wendy27@example.org,001-227-673-1589x863,Cookefort,Maryland,USA,52
861,Cody,Olson,michaellewis@example.org,+1-536-476-0480x5295,North Johnside,Mississippi,USA,64
862,Heidi,Espinoza,fbrooks@example.org,001-230-302-7029x5448,South Kathleenville,Arkansas,USA,60
863,Alexander,Robinson,shellygould@example.org,+1-397-274-0716x74558,Kimmouth,Washington,USA,68
864,Robert,Espinoza,nhamilton@example.net,(863)342-7188x16943,Weaverberg,Tennessee,USA,59
865,Alex,Atkinson,markreynolds@example.com,+1-887-913-5224,New Debbiechester,Pennsylvania,USA,65
866,Andrew,Sanders,dannyriley@example.net,001-298-894-2644x01536,Duncanburgh,Oklahoma,USA,24
867,Alisha,Rodriguez,tjames@example.net,414-293-2889x083,Adamsshire,Utah,USA,45
868,Ryan,Gordon,bobbyrusso@example.org,+1-308-777-4564x52660,Donaldsontown,Louisiana,USA,20
869,Tara,Ramirez,robertcase@example.net,969-812-2125x0984,North Melissa,Idaho,USA,19
870,Thomas,Flynn,hardingmichael@example.org,965.482.3511x3774,New Justin,New Mexico,USA,64
871,Chelsea,Gonzalez,vcross@example.net,(870)718-1239x899,East Joshuahaven,Mississippi,USA,62
872,Jessica,Clayton,patricktaylor@example.com,(233)660-3152x493,Lake Samanthaport,Mississippi,USA,32
873,Glenda,Lee,bobstanley@example.org,001-886-946-1461x82649,Port Sarahland,Utah,USA,38
874,Megan,Brady,jeffrey62@example.net,(879)647-8273x50525,New Kimberly,Hawaii,USA,22
875,William,Fleming,cramos@example.net,890.541.0623,Port Christopher,Connecticut,USA,23
876,Joyce,Delgado,samantha77@example.org,661.666.6502,Williamston,Indiana,USA,24
877,Richard,Nolan,rebecca47@example.com,+1-525-391-9329,Simsbury,Montana,USA,23
878,Adam,Aguilar,blacktiffany@example.com,(717)693-3909x1442,Colemanchester,Utah,USA,56
879,Jason,Maddox,rodneypetersen@example.net,001-233-511-6568x26841,North Edward,New Hampshire,USA,33
880,Yesenia,Wells,hollandhailey@example.net,3899917790,North Michaelhaven,Utah,USA,19
881,James,Simpson,jacobrivera@example.org,(720)635-2189,Pearsonfurt,Alabama,USA,43
882,Brittany,Jackson,johnsontiffany@example.com,862-704-7964,Hallburgh,Maryland,USA,53
883,Mark,Mckinney,cbrown@example.com,(305)355-6846x17708,Ryanbury,Alaska,USA,62
884,Rebecca,Carter,whitneyhodges@example.com,660.954.8876x53572,West Eddie,Texas,USA,23
885,Valerie,King,gabbott@example.org,(596)260-1321,Perezside,Nevada,USA,66
886,Michael,Caldwell,johnroberts@example.org,+1-866-499-1821x38185,Toniburgh,South Dakota,USA,41
887,Derrick,Khan,lewisjimmy@example.org,311-891-0254x49894,Lake Deborahville,Nevada,USA,64
888,Zachary,Williams,amberschneider@example.com,219.364.4719x1122,Parrishville,Georgia,USA,53
889,Robert,Roberts,zacharyperkins@example.org,246-797-1850,Port Margaretville,Nebraska,USA,53
890,Jerry,Crawford,james09@example.org,547-419-9692x13459,East Jordanfort,West Virginia,USA,37
891,Nancy,Roberts,efrost@example.org,740-248-7909x82926,Jenniferland,New Hampshire,USA,42
892,Lacey,Jarvis,ihill@example.org,001-902-309-7048x16834,Port Jessicaville,Louisiana,USA,66
893,Samuel,Crane,jfrench@example.com,001-963-466-5037x769,North Shanefort,Indiana,USA,29
894,Brenda,Grant,kevin13@example.com,4242726315,South Katelyn,Alaska,USA,42
895,Matthew,Cohen,thomasaaron@example.org,298.233.5584,Bryanbury,Texas,USA,41
896,James,Garcia,cdavis@example.net,(235)817-7865x2612,Torresland,Ohio,USA,24
897,Crystal,Middleton,marcus19@example.com,336-929-8853x5403,Odonnellside,Kansas,USA,70
898,Lauren,Wheeler,sharon75@example.net,+1-760-367-8813,West Christopherland,Utah,USA,67
899,Diamond,Barry,katherinebyrd@example.com,447.924.9426,East Victor,Oregon,USA,70
900,Stephanie,Contreras,ortizmonica@example.org,975-603-0387x01219,Hilltown,Indiana,USA,19
901,Jennifer,Ramsey,dakotajoseph@example.org,001-684-574-2427,South Jasonport,North Dakota,USA,63
902,Bradley,Manning,steven52@example.net,307-273-8579x81821,East Ann,New Mexico,USA,63
903,Jason,Weaver,ljackson@example.net,001-880-845-0492x18177,North Robert,Kansas,USA,41
904,Norman,Taylor,nortonjoseph@example.org,+1-591-332-3968x1734,Bonniestad,North Carolina,USA,61
905,Nathaniel,Lewis,kimberlycrawford@example.org,575.486.2648x22589,Mitchellberg,Wyoming,USA,50
906,Timothy,Schroeder,kelly22@example.com,883-377-3031,North Patriciaton,New Jersey,USA,65
907,Brianna,Ramos,sarah32@example.net,+1-424-427-3973x36770,Tammymouth,Indiana,USA,61
908,Derek,Reeves,erin20@example.com,001-472-329-5529,New Melindahaven,Louisiana,USA,22
909,Zachary,Murphy,etanner@example.net,(774)298-0263x18133,Lake Teresa,Connecticut,USA,55
910,Carl,Austin,racheldavis@example.org,872.263.3327,Alicebury,Texas,USA,32
911,Raymond,Stevens,qshah@example.org,001-261-856-1190,Wendyport,South Dakota,USA,27
912,Jennifer,Greer,chloeknight@example.com,3306529514,New Sabrina,Michigan,USA,57
913,Lori,Castro,nperez@example.org,424.947.7806x65445,East Steven,Colorado,USA,36
914,Zachary,Barrett,cwhite@example.org,+1-829-338-5532x9924,New Brendafurt,Idaho,USA,42
915,Julia,Lee,castanedaangela@example.org,6683837436,Port Cynthiaberg,South Carolina,USA,35
916,April,Hernandez,amywright@example.org,001-695-620-1174,Lake Cindy,Michigan,USA,47
917,Nicholas,Torres,bmcneil@example.net,5848017154,Martinezfort,Texas,USA,57
918,Mark,Powell,cervantesjared@example.net,269.366.4895x05335,Stevensfurt,Montana,USA,30
919,Cynthia,Gamble,lewismichael@example.net,616-629-8511x39411,Port Kenneth,Oklahoma,USA,61
920,Jessica,Gonzalez,julia32@example.com,(935)389-4717x1012,New Josephton,Texas,USA,27
921,Kathryn,Carey,andrea17@example.net,+1-736-253-8840x0379,Toddville,Maine,USA,44
922,Jessica,Flores,andersonclayton@example.net,+1-306-858-9115,Frazierbury,California,USA,61
923,Stephanie,Gibson,toddvargas@example.net,8774530788,Nancyburgh,Ohio,USA,22
924,Julie,Cox,johnsonjohn@example.org,001-356-779-3620x03808,Lewisborough,Colorado,USA,58
925,Tracy,Jones,leejimmy@example.net,001-754-527-9647x340,New Anthony,Indiana,USA,18
926,Juan,Green,cswanson@example.net,557-591-7775x2180,Port Christinaton,Wyoming,USA,46
927,Kathleen,Manning,sandra64@example.com,732.940.8930x26229,East Tristanmouth,Alaska,USA,46
928,Kim,Galvan,knightdakota@example.com,001-473-972-0052x05863,New Annton,Alabama,USA,45
929,Ricardo,Lang,stephaniecollins@example.net,(791)739-7288x499,Vargashaven,Alabama,USA,32
930,Emily,Gray,cindy10@example.net,+1-915-363-6078,Danielsshire,Alaska,USA,33
931,Anthony,Jefferson,justin70@example.org,+1-922-416-8150x55052,Michaelhaven,Colorado,USA,41
932,Mark,Hernandez,bbowen@example.com,+1-688-595-4418x3271,Robertview,Vermont,USA,37
933,Margaret,Brown,cooperkara@example.org,942.590.1584x60416,Lindsayland,Wyoming,USA,40
934,Stephanie,Kelly,davidcastaneda@example.com,453-621-3663x167,South Connieside,Nevada,USA,37
935,Derek,Martin,nicholasperez@example.com,738.536.2335x343,East Rebecca,Alabama,USA,66
936,Matthew,Dillon,fordtheodore@example.com,236.203.9907,North Jaimefort,Alabama,USA,22
937,James,Bender,wilcoxalyssa@example.net,+1-327-994-4700x2402,North Benjaminmouth,Vermont,USA,22
938,Alexis,Wilson,qlawson@example.net,8626958318,West Christopherview,Hawaii,USA,57
939,Steven,Thomas,kennethwhite@example.org,736-952-3645x08701,East Phillipfurt,Georgia,USA,26
940,Daniel,Rodriguez,lowens@example.com,442.896.9664x95348,Maryside,Vermont,USA,67
941,Zachary,Bradshaw,vargasvictor@example.com,907-260-6872,West Kevin,Rhode Island,USA,68
942,Jack,Leon,williamjohnson@example.com,(601)440-1307x612,East Steven,California,USA,43
943,Michael,Miller,johncardenas@example.org,396-742-4359,Port Martin,Arizona,USA,25
944,Michael,Berry,laurenjohnson@example.net,784-837-3941,East Bruceport,South Dakota,USA,46
945,Kelsey,Williams,kenneth28@example.net,(328)200-4770x856,Michellemouth,Hawaii,USA,47
946,Joshua,Adams,jamielopez@example.org,001-312-285-7350x2999,Mariaview,Tennessee,USA,46
947,Brian,Navarro,hooverrebecca@example.org,+1-667-318-3756x23607,Frenchchester,Indiana,USA,64
948,Margaret,Miller,bishopjames@example.net,285-292-9274,Port Renee,Kansas,USA,62
949,Tiffany,Duncan,williamjames@example.net,303.525.6886,East Saraside,New Jersey,USA,37
950,John,Hughes,fbutler@example.net,(599)749-6748x0464,Lake Elizabeth,Illinois,USA,31
951,Samantha,Walls,ebowen@example.org,(424)604-5605x835,Shafferbury,North Carolina,USA,19
952,Eric,Watkins,beverlyjohnson@example.com,409.348.8087x134,East Allen,Oregon,USA,50
953,Virginia,Thomas,udavis@example.com,001-559-265-4008x1565,Ronnieberg,Maine,USA,48
954,Steven,Gonzalez,drewrodriguez@example.com,9754294631,Vargasshire,Alabama,USA,47
955,Sarah,Jones,xrose@example.net,(548)925-4902x68194,New Davidville,Kentucky,USA,46
956,Debra,Lin,zgreen@example.com,877.234.9207x5776,Pricechester,South Carolina,USA,48
957,Heather,Vega,tinamoore@example.org,245-558-8095,Lake Brooke,Alabama,USA,35
958,Ana,Evans,crystal50@example.net,(722)501-6977x092,Millerton,Ohio,USA,64
959,Malik,Williams,sandra05@example.com,840-228-0513x0353,Lewisstad,Missouri,USA,34
960,Ricky,Diaz,carteralan@example.org,225-599-7111x20781,Powersshire,Louisiana,USA,58
961,Tyler,Lopez,charles30@example.org,(585)763-7930x405,Henryville,South Carolina,USA,66
962,Tony,Hicks,kkey@example.org,741-234-6239,Griffithport,Kansas,USA,62
963,Christian,French,rebeccagreer@example.net,695.378.5647x85252,West Joseborough,Texas,USA,30
964,Isabel,Brown,tannerowens@example.net,874.999.0818,Welchbury,Arkansas,USA,68
965,Susan,Bailey,john23@example.net,001-495-547-3987x030,Port Kathryn,Delaware,USA,21
966,Molly,Hull,eferguson@example.org,(725)344-7334x223,East Jonathan,Illinois,USA,36
967,Matthew,Wilson,michael56@example.com,(807)860-4335,North Josephmouth,Oklahoma,USA,55
968,William,Lee,bestdanny@example.org,(867)770-5099x519,Lake Dustin,Kentucky,USA,67
969,Craig,Jackson,efreeman@example.org,+1-944-988-7465x106,Jeremymouth,Nebraska,USA,70
970,Terri,Flores,ppittman@example.com,542.224.8097x006,West Isaiah,North Carolina,USA,65
971,Frank,Grant,richardsongerald@example.net,001-854-842-4634,Amyhaven,Louisiana,USA,56
972,Tony,Townsend,keith71@example.com,001-541-840-7060x4297,Gomezport,Utah,USA,35
973,Jessica,Garcia,bryantmarcus@example.net,682.457.3635,Jonathanview,California,USA,60
974,Troy,Caldwell,lebrad@example.org,001-740-367-0736x8680,East Thomas,Illinois,USA,47
975,Emily,Juarez,tterry@example.net,950-346-3115x50446,West Johnport,Oregon,USA,42
976,Joseph,Francis,croberts@example.org,431-595-8210x78749,North Amber,Washington,USA,37
977,Melinda,Bishop,njoseph@example.org,328-335-4860,Levineberg,Rhode Island,USA,24
978,Jeremy,Zimmerman,mikediaz@example.org,531-784-4229,South Deniseton,Georgia,USA,65
979,Sharon,Wolf,privera@example.org,+1-489-367-3910x525,South Williamton,Pennsylvania,USA,51
980,Howard,Brown,twalker@example.net,001-398-312-2617x0870,Cooperhaven,Utah,USA,49
981,Toni,Murphy,mjohnson@example.com,001-586-954-2388x8423,East Amberfort,Illinois,USA,54
982,Deborah,Turner,mstewart@example.com,001-742-272-1060x325,Anthonyland,Delaware,USA,60
983,Laura,Rogers,ashleypotter@example.net,280-381-6868x22191,Torresborough,New Jersey,USA,59
984,Andrea,Johnson,valenzuelajonathan@example.org,821.381.8405,Brooksstad,South Dakota,USA,66
985,Kyle,Rojas,eric96@example.net,+1-279-575-7072,North Johntown,Colorado,USA,43
986,Emily,Miller,mary15@example.net,981.244.6823x3346,Janetfurt,South Carolina,USA,49
987,Kristin,Campos,anthonycohen@example.com,(895)596-1130,Port Danielmouth,Georgia,USA,56
988,Melvin,Lee,sandraramirez@example.net,+1-590-960-2607x140,Jonesfurt,Nevada,USA,27
989,Anthony,Hopkins,frazieredward@example.org,228-749-0306,Hillburgh,West Virginia,USA,54
990,Scott,Roberson,benjamin07@example.net,(316)323-1581x3491,West David,Colorado,USA,39
991,Evan,Benson,daniellelarsen@example.org,471.306.8668x0848,East Tabithaburgh,Nevada,USA,57
992,Nicole,Fischer,oflores@example.net,424.373.7438,Christopherstad,Idaho,USA,68
993,Eric,Swanson,holly43@example.com,(848)822-0035x90603,East Cindy,Montana,USA,22
994,Ann,Melton,wmcdonald@example.org,001-637-783-9291x525,Port Elizabethland,Indiana,USA,35
995,John,Christian,omcconnell@example.org,+1-228-731-9225,Staceyside,South Dakota,USA,68
996,Jessica,Stanley,whitney08@example.net,3288682749,West Brandi,North Carolina,USA,23
997,Julie,Graham,allenjulia@example.net,568-482-2265x666,Lake Christopher,Idaho,USA,42
998,David,Arnold,rtaylor@example.net,790.226.9421x12679,Michaelside,Florida,USA,40
999,Christine,King,davidhill@example.com,6383402501,South Amytown,Oregon,USA,57
1000,Rodney,Tate,alan66@example.org,8828262500,New Joyce,Kansas,USA,44
