employee_id,first_name,last_name,email,phone,position,salary,store_id
1,Carolyn,Sanford,curtisschmidt@example.com,001-787-261-6017,Sales Associate,44825,77
2,Michael,Kelly,arobinson@example.com,815-810-3246x7052,Cashier,71163,16
3,Susan,Garcia,stewartkristen@example.org,+1-721-203-6448,Store Manager,51498,90
4,James,Carlson,margaret36@example.org,7998165152,Store Manager,44783,2
5,Kristie,Hogan,burkeemily@example.org,+1-792-493-4815,Cashier,60000,70
6,Nicole,Floyd,adambell@example.net,359.306.6851x5351,Inventory Executive,80214,100
7,Carrie,Cain,jose75@example.org,+1-415-333-5545x47566,Sales Associate,41369,86
8,Rebecca,Dawson,lopezheather@example.net,267-938-5706,Sales Associate,41605,85
9,Carl,Conner,ramosjames@example.org,001-751-860-9551x17515,Store Manager,56220,45
10,Edward,Mccoy,joannelson@example.org,+1-877-312-8831x65069,Store Manager,33343,42
11,Brian,Glass,barkersusan@example.com,(930)573-1566x2272,Inventory Executive,55919,32
12,Colleen,Pineda,kristopher78@example.org,+1-274-517-6019x39960,Sales Associate,84638,47
13,Jonathan,Jackson,kirkdaniel@example.org,200-557-5167x96443,Cashier,72581,69
14,Brandon,Johnson,krystalgonzalez@example.net,597-922-4194,Sales Associate,65415,87
15,Nicolas,Robinson,whitealice@example.com,4856747855,Store Manager,61849,20
16,Debra,Morris,asmith@example.com,668-841-5406x1537,Sales Associate,46136,75
17,Amanda,Fry,sandra11@example.com,+1-339-210-1708x6424,Store Manager,47011,2
18,Douglas,Lane,wilsondavid@example.com,518-431-0388,Cashier,67533,67
19,Michael,Moreno,morganbruce@example.com,(540)729-7699,Cashier,59130,59
20,Robert,Salas,pmurray@example.net,(226)571-5885x5279,Customer Support,66586,46
21,Melanie,Vasquez,bernard35@example.net,+1-239-339-8951,Inventory Executive,31117,3
22,Kimberly,Flores,john68@example.net,001-559-386-5312x6247,Sales Associate,71613,63
23,Patricia,Rios,zachary14@example.org,304-468-8989,Store Manager,68459,44
24,Gregory,Warren,michaelsteele@example.com,001-656-329-0870x818,Customer Support,51309,40
25,David,Lewis,angelahowell@example.com,213.287.3854,Cashier,73836,41
26,Gerald,Ward,bcarroll@example.net,651-989-4273x869,Customer Support,79043,86
27,Benjamin,Erickson,reillyjohn@example.org,+1-259-651-4856x2607,Sales Associate,72291,88
28,Ernest,Hill,kylepratt@example.com,001-705-847-4212x718,Sales Associate,47754,71
29,Alexa,Lawson,brennanharry@example.org,(858)664-8955,Sales Associate,66395,84
30,Melissa,Rice,gonzalesashley@example.org,659.853.0115x257,Customer Support,69802,78
31,Abigail,Hernandez,uthompson@example.com,994-304-9614,Cashier,87393,92
32,Jason,Chandler,wongeric@example.org,+1-299-233-0370x952,Inventory Executive,80491,58
33,Robert,Ruiz,jbolton@example.org,3576287272,Cashier,41328,28
34,Kathleen,Johnson,jamessmith@example.com,(660)742-4893x4759,Inventory Executive,45318,96
35,Jill,Brown,holmescole@example.org,978.265.1125x34729,Sales Associate,49237,14
36,Elizabeth,Campbell,christopher06@example.net,922-754-8021x5274,Store Manager,49430,32
37,Benjamin,Wall,jamesmurphy@example.com,(423)797-7064x2022,Sales Associate,63815,16
38,Melissa,Brown,laurietorres@example.com,(673)703-0101x6350,Sales Associate,78900,14
39,Jerry,Riley,david42@example.net,001-506-836-6487x2562,Inventory Executive,80728,4
40,James,Salas,jerry79@example.net,(840)815-2594,Cashier,33269,23
41,Douglas,Stephenson,josephhorne@example.com,599.345.4103,Customer Support,43675,97
42,Timothy,Johnson,mahoneybilly@example.com,953.692.3097,Sales Associate,42458,40
43,Ashley,Marsh,ijohnson@example.org,453.770.8184,Cashier,51433,86
44,Heidi,Harris,debbie40@example.com,+1-944-814-4625x6323,Customer Support,81858,63
45,Christopher,Robinson,tpark@example.net,+1-771-250-9116,Store Manager,69248,24
46,Lisa,Kaufman,charlesschaefer@example.com,001-289-629-5711,Customer Support,73872,68
47,Destiny,Harris,yangcrystal@example.org,894.407.5549,Inventory Executive,44465,53
48,Michael,Solis,erikpatterson@example.com,+1-787-526-3047x8703,Cashier,77150,47
49,Cynthia,Parks,ywoods@example.com,7165285428,Cashier,81846,58
50,Nicholas,Sandoval,blairhannah@example.org,+1-911-690-6925,Inventory Executive,62393,39
51,Gabrielle,Davis,pwest@example.net,375.946.5250x491,Customer Support,85822,72
52,Kenneth,Johnson,tracybrown@example.com,+1-792-222-8244x16142,Sales Associate,62872,29
53,Stephanie,Molina,tara87@example.com,(951)926-4320,Inventory Executive,55111,15
54,Dennis,Reyes,iperez@example.org,868.485.4856x236,Cashier,62583,31
55,Nicole,Anderson,jasonriley@example.com,573-516-5980,Cashier,65197,83
56,Sandra,Turner,simmonselizabeth@example.net,980-260-3346,Customer Support,76440,61
57,Cindy,Edwards,salvarez@example.org,516.205.3593x370,Cashier,45748,84
58,Sarah,Kennedy,dianaroth@example.net,376-765-0775,Customer Support,50692,65
59,Donna,Medina,aliciacosta@example.com,799.245.9752x4442,Customer Support,76660,45
60,Matthew,Gomez,clarkjoanne@example.org,385.595.3482x29504,Inventory Executive,56628,100
61,Elizabeth,Simmons,sullivanmaria@example.org,912.446.6700x17423,Store Manager,47950,89
62,Catherine,Harris,rubenhull@example.org,+1-345-288-7210x3536,Sales Associate,79112,31
63,Leslie,Brooks,kristinking@example.net,(617)790-9551,Cashier,44809,48
64,John,Thompson,matthew90@example.com,919.828.5756x2140,Inventory Executive,40043,89
65,Robin,Garza,donald17@example.org,001-689-806-1079x4300,Customer Support,88912,25
66,David,Adams,sphelps@example.net,(375)988-3019,Store Manager,86615,34
67,David,Chavez,brianbarnes@example.net,2559649859,Store Manager,63918,31
68,Sarah,Knox,millerteresa@example.org,299-963-7467x83278,Store Manager,38936,88
69,Maria,Castro,lewislori@example.net,001-498-696-4008x32739,Cashier,30582,82
70,Lindsey,Costa,harrisgarrett@example.net,(873)651-7284x24821,Cashier,51961,30
71,Daniel,Johnson,williammiller@example.com,(259)854-9048x53407,Customer Support,61013,7
72,Angela,Parker,randallkeller@example.net,+1-836-885-9212,Cashier,51862,36
73,Renee,Wade,dbennett@example.com,+1-361-990-6583,Sales Associate,83177,83
74,Rebecca,Garcia,taylorryan@example.net,001-751-908-0064x43424,Store Manager,54719,82
75,Ashley,Fischer,megan97@example.org,636.992.8343,Inventory Executive,59955,82
76,James,Church,martin97@example.net,530-702-0351x668,Inventory Executive,82440,38
77,David,Alexander,brendarandall@example.net,861-343-9048x2805,Sales Associate,73642,87
78,Kerry,Harris,hjones@example.com,905.370.7924x0519,Sales Associate,55994,50
79,Daniel,Dodson,kiaraberry@example.com,001-348-241-3290x3531,Inventory Executive,53492,44
80,Judy,Sloan,rmartinez@example.net,(560)634-5428x323,Cashier,35664,21
81,Caitlin,Anthony,frank57@example.org,001-459-274-8522x0155,Sales Associate,68010,68
82,Kathryn,Wheeler,tkirk@example.com,758-829-0761x81544,Inventory Executive,78052,39
83,Matthew,Jordan,williamwashington@example.org,514.830.9159,Customer Support,61484,3
84,Michael,Cardenas,brichards@example.net,+1-439-720-4589x0837,Inventory Executive,60397,75
85,Spencer,Curtis,lucasmelissa@example.com,693-638-9883x7235,Inventory Executive,37725,21
86,Cameron,Thompson,michellefarrell@example.org,(723)595-0187x44810,Sales Associate,65195,44
87,Virginia,Hughes,debramanning@example.org,+1-873-254-8514x155,Inventory Executive,56884,3
88,Alexander,Lane,michele61@example.com,357-471-4751x074,Sales Associate,83173,79
89,Erica,Ramos,hopkinsjohn@example.net,267-608-5924,Inventory Executive,80848,4
90,Ronald,Santiago,stephaniebarron@example.com,001-616-415-3994,Cashier,39348,37
91,Cynthia,Meyer,rhoover@example.net,+1-910-635-3017x386,Store Manager,43390,78
92,Julia,Mitchell,albertdavis@example.com,7546968272,Cashier,71568,69
93,Michael,Huang,jeremy29@example.org,(737)735-5463x318,Customer Support,73063,100
94,Tyler,James,jennifer76@example.org,(919)745-7785,Store Manager,62085,97
95,Garrett,Gibson,janet14@example.org,627.740.2258,Sales Associate,65335,48
96,Alexis,Mccann,josephtaylor@example.com,+1-755-747-7089x9057,Store Manager,42647,54
97,Tammy,Robertson,zcoffey@example.net,580.811.9894,Store Manager,59498,73
98,Stephanie,Smith,ssanders@example.net,+1-525-557-9736,Store Manager,74952,1
99,Todd,Taylor,crossjordan@example.org,001-937-489-5213,Cashier,34717,9
100,Amy,Walters,conwaygregory@example.com,(222)905-1537x02162,Store Manager,63523,33
101,Catherine,Nelson,vargasrichard@example.net,635.811.0647x1418,Sales Associate,77251,59
102,Kelly,Delgado,russellchaney@example.org,(886)428-3936x15523,Inventory Executive,41738,52
103,Jared,Cole,uvazquez@example.org,(879)437-9191,Sales Associate,60700,99
104,Judy,Fisher,lynchchristine@example.org,(836)827-4188x261,Cashier,64522,52
105,Luis,Page,ymartinez@example.org,530.684.4495x2900,Inventory Executive,84763,83
106,Sarah,Watson,hernandezamber@example.org,+1-775-616-3078x8949,Store Manager,34611,10
107,Karen,Duncan,hgarrett@example.net,(362)790-5442,Sales Associate,30756,36
108,Monique,Mcgrath,maryharrington@example.com,(410)859-7747,Sales Associate,46924,100
109,Ashlee,Harrison,harrisjohn@example.org,923-768-3890,Sales Associate,88389,37
110,Shane,Montoya,stephanie86@example.net,460.661.8776x49050,Store Manager,45019,85
111,Pamela,Fisher,carla59@example.org,+1-342-388-5790x896,Customer Support,37665,20
112,Amanda,Tanner,zpotter@example.com,(302)917-8429,Sales Associate,78458,90
113,Sarah,Freeman,dianetaylor@example.com,567.716.3869x844,Customer Support,77859,48
114,Danielle,Dixon,gregory54@example.org,001-890-328-7423x353,Customer Support,49912,69
115,Melinda,Anderson,rlee@example.org,299-205-6342x374,Cashier,77263,72
116,Deborah,Blake,josephdavid@example.net,511-657-1021x609,Store Manager,74050,55
117,Gregory,Lawrence,taylorbrenda@example.org,3212543201,Store Manager,69758,3
118,Gregory,Johnson,randysnyder@example.org,301-447-4945x4752,Sales Associate,56361,18
119,Mary,Tate,anitakelly@example.net,+1-440-906-1557,Inventory Executive,39798,72
120,Tanya,Hanson,patkins@example.net,6859094163,Sales Associate,80422,11
121,Dylan,Ayala,michael34@example.com,489-886-4250,Sales Associate,40926,23
122,Pamela,Kennedy,laura45@example.com,(370)916-1779,Store Manager,87613,37
123,Lisa,Bond,rebekahaguilar@example.org,+1-425-802-3343x6636,Inventory Executive,30243,17
124,Heather,Klein,david15@example.net,(796)782-8312x9341,Sales Associate,67865,73
125,William,Willis,devonwade@example.org,311-872-0713,Inventory Executive,68187,15
126,Jordan,Hicks,codylewis@example.net,+1-744-814-3531x41955,Inventory Executive,74535,1
127,Carla,Perez,terrellmichael@example.com,+1-368-741-1038x471,Inventory Executive,61778,31
128,Katherine,Holmes,watsonderrick@example.net,531-952-7137x86154,Cashier,67185,59
129,Mary,Hayes,monicawalsh@example.org,+1-287-628-4789,Store Manager,78135,42
130,Sheila,Stein,theresa91@example.com,001-887-595-6814,Sales Associate,59218,66
131,Randy,Myers,smithdiana@example.com,+1-255-239-3367x014,Store Manager,43020,41
132,Kelly,Holmes,matthew74@example.net,001-462-338-2312x46662,Customer Support,46469,90
133,Jonathan,Turner,abrooks@example.com,(786)516-4544,Store Manager,89805,90
134,Amanda,Andrews,igeorge@example.net,+1-901-893-3092x576,Sales Associate,77300,68
135,Michael,Gray,nataliewatson@example.org,001-772-832-0779x6147,Inventory Executive,87963,2
136,Erin,Bartlett,elizabeth67@example.net,001-451-272-7508,Inventory Executive,73733,69
137,Daniel,Jenkins,nicholasnielsen@example.org,(460)367-1339x8447,Store Manager,39547,94
138,Kenneth,Davis,rquinn@example.org,(963)965-7314x2385,Cashier,54111,86
139,Melanie,Cochran,wgarcia@example.org,414-453-0983,Cashier,72117,87
140,Victoria,Shah,cameronpittman@example.com,+1-205-784-3488x8452,Inventory Executive,76595,3
141,Cheyenne,Young,brenda83@example.org,+1-396-593-3875x036,Sales Associate,45920,12
142,Tiffany,Mcneil,tracychan@example.org,+1-565-790-1097,Inventory Executive,42227,7
143,Tara,Hayden,thomassmith@example.org,+1-231-969-6664x4528,Inventory Executive,75339,9
144,Jamie,Osborn,joshuaford@example.org,622.781.7453,Inventory Executive,57427,2
145,Michael,Young,bglenn@example.net,869.783.8498x12112,Store Manager,55170,72
146,Cameron,Phillips,mariarobinson@example.org,+1-642-669-2498,Sales Associate,75331,3
147,Michael,Gonzalez,sray@example.net,326.273.7888x516,Sales Associate,42916,68
148,Cynthia,Howard,wsmith@example.com,+1-962-975-1347x91620,Customer Support,61981,98
149,Nicholas,Hicks,michael19@example.net,+1-889-544-8353,Sales Associate,39150,55
150,Victoria,Kennedy,ewhitehead@example.net,+1-987-535-8055x0830,Sales Associate,72903,68
151,Jenna,Hernandez,phillipsmith@example.net,913.872.1675x413,Customer Support,42338,4
152,Brandi,Gates,wgonzales@example.org,347.568.1021x518,Cashier,42185,88
153,Sean,Waters,silvapatricia@example.net,(258)654-3580,Store Manager,31427,62
154,Ana,Brooks,jamesjones@example.org,569-597-5225,Customer Support,66539,59
155,Mitchell,Thomas,mlee@example.org,(673)739-1839,Cashier,69734,33
156,Corey,Parker,christopherjarvis@example.net,578.581.4080,Cashier,39320,93
157,Brittany,Bell,ssanchez@example.net,001-814-258-6922,Sales Associate,46171,61
158,Kevin,Davis,brownteresa@example.org,872-706-2678,Customer Support,39547,44
159,Charles,Reeves,alexander95@example.net,(309)386-7469x001,Sales Associate,78644,43
160,Deborah,Mcconnell,caseyquinn@example.org,619-250-2107x938,Sales Associate,88460,94
161,Paul,Smith,jonesdiamond@example.com,8755419394,Store Manager,63427,58
162,Justin,Hayden,amyguerra@example.org,847-822-7476x03491,Sales Associate,33841,30
163,Eric,Johnson,elizabeth88@example.net,001-444-250-8446,Cashier,30913,68
164,David,White,mgarza@example.net,662-722-5385x8699,Inventory Executive,81262,21
165,Mary,Larsen,lynncorey@example.com,3363363529,Store Manager,51227,49
166,Mary,Kerr,meghanclark@example.org,685-708-9874x66199,Store Manager,86129,48
167,Heidi,Morales,robinsonvictoria@example.net,001-259-913-8836x082,Cashier,81748,95
168,Summer,Brown,william50@example.org,001-642-494-5997x23979,Inventory Executive,73539,63
169,Hannah,Orr,lewisstephen@example.net,621-202-8035,Customer Support,30996,96
170,Joe,George,gail46@example.com,+1-700-731-3455,Cashier,66959,17
171,Eric,Kirk,lauren41@example.com,(930)269-2409x689,Sales Associate,43358,77
172,John,Griffin,tina57@example.org,315.673.4078,Inventory Executive,56677,23
173,Margaret,Jones,seth44@example.org,535-977-7398x0044,Cashier,63479,33
174,Sarah,Arnold,victoriagillespie@example.net,702-365-7667,Cashier,86385,59
175,Leonard,Bridges,patriciaguerra@example.com,+1-265-929-2964x4029,Cashier,52139,58
176,Danielle,Li,steven23@example.com,+1-890-587-6892x847,Cashier,81142,54
177,Dawn,Acosta,christopher74@example.net,258-318-6331x885,Store Manager,68481,12
178,David,Hall,barbaramathis@example.org,2374069998,Store Manager,39852,82
179,Daniel,Johnson,perezjasmine@example.org,+1-612-651-9761x8057,Cashier,38579,39
180,Andrew,Gilbert,jasoncaldwell@example.org,397.571.6643,Store Manager,46658,56
181,Madeline,Jarvis,kevin40@example.com,(305)922-7575x54606,Inventory Executive,39040,62
182,Aaron,Gordon,carrollwillie@example.org,001-249-320-0101x2327,Inventory Executive,58160,69
183,Brenda,Calhoun,vklein@example.com,001-899-682-2294x234,Sales Associate,52303,87
184,Bethany,Ray,george23@example.net,618-712-5566,Cashier,85150,30
185,Laura,Branch,darleneharris@example.org,+1-684-219-2874x6085,Store Manager,52498,8
186,Dawn,Underwood,hhall@example.net,539-803-5894,Customer Support,41896,25
187,Kirsten,Smith,webersheena@example.net,(944)968-2811,Cashier,34041,62
188,David,Ellis,calhouncurtis@example.net,596.663.9200,Inventory Executive,74229,20
189,Nicole,Zavala,wendythomas@example.net,(410)862-5181x69711,Cashier,41119,38
190,Albert,Wagner,williamsbrooke@example.net,804-763-7564x30184,Customer Support,53510,44
191,Danielle,Guzman,matajonathan@example.com,001-884-801-6862,Inventory Executive,40977,81
192,Andrew,Padilla,sophiajordan@example.com,654-485-6739,Inventory Executive,65004,65
193,Jennifer,Hernandez,anna91@example.net,541.834.6332,Cashier,44283,87
194,Antonio,Martin,xking@example.org,(809)645-5821x09786,Inventory Executive,77539,43
195,Suzanne,Strong,phernandez@example.net,315.870.6569x095,Store Manager,83183,43
196,Edwin,Powell,roger80@example.net,8506791404,Sales Associate,64186,30
197,Vanessa,Jimenez,fgraham@example.org,+1-524-204-0599x6243,Inventory Executive,70208,25
198,David,Nelson,egentry@example.net,+1-838-877-7436x42541,Store Manager,73733,58
199,Tanya,Swanson,corey14@example.org,707-268-7507x582,Inventory Executive,64746,89
200,Ashley,Wood,richardjohn@example.net,640-628-1395,Customer Support,46019,53
201,Alexis,Harris,xdonovan@example.net,917.480.8405,Store Manager,78364,49
202,Brian,King,kimberly78@example.com,(357)221-9224x31223,Cashier,65704,55
203,Marvin,Mason,melissa94@example.org,408.755.6209x03358,Inventory Executive,83093,7
204,Matthew,Daugherty,joshuajohnson@example.net,+1-899-916-0896x03577,Store Manager,52474,51
205,Taylor,Clark,ralphschroeder@example.net,+1-574-711-2992x6453,Inventory Executive,33973,69
206,Cristian,Rodriguez,wcox@example.net,551-447-6223x3231,Inventory Executive,49013,36
207,Bryan,Christian,jonathanscott@example.net,472-403-0538x41151,Store Manager,66391,2
208,James,Allen,sswanson@example.org,303-972-2328x383,Inventory Executive,86228,33
209,Gregory,Edwards,elizabeth81@example.com,+1-435-484-2831x9228,Cashier,37527,91
210,Margaret,Hall,sheri56@example.net,933-526-3976x916,Sales Associate,56312,46
211,Philip,Holt,brittanyfinley@example.org,842.216.6828x9784,Sales Associate,66729,93
212,Jason,Brown,hughesrobert@example.org,+1-873-417-9666x857,Store Manager,54471,71
213,William,Barnett,michelle86@example.org,683-209-4001x1441,Sales Associate,73353,19
214,Brian,Smith,robert50@example.net,323-957-7787x035,Cashier,75969,50
215,Eric,Spears,osbornemolly@example.com,2262125844,Cashier,67097,23
216,Willie,Collins,brianaromero@example.org,759-439-8178x747,Cashier,35751,12
217,Sabrina,Meyer,uandrews@example.org,(601)268-0466,Cashier,82208,91
218,Nicholas,Taylor,zamoraterri@example.org,712.506.8992x26091,Store Manager,61671,14
219,Cassandra,Reed,tylerhess@example.net,501-391-7956x191,Cashier,44317,6
220,Austin,Gould,beardjesus@example.net,(707)668-9018,Inventory Executive,33039,50
221,Jeremy,Reed,kristaparker@example.com,(490)522-7902x6862,Sales Associate,33795,45
222,Melanie,Bennett,ronald66@example.org,(438)531-7333x275,Sales Associate,88848,26
223,Thomas,Morgan,cooperdonna@example.net,516-323-4077x575,Store Manager,75274,47
224,Mark,Smith,mccormickjon@example.com,+1-863-484-0959x8036,Cashier,73388,56
225,Joseph,Foster,bradley31@example.org,852.930.5217,Inventory Executive,69555,10
226,Robert,Johnson,carteramy@example.net,2673103789,Store Manager,82440,62
227,Monica,Johnson,rvega@example.com,269-474-0441x1889,Inventory Executive,60550,67
228,Natalie,Vance,sboyle@example.com,(664)274-3554,Customer Support,85356,33
229,Zachary,Wood,lmiller@example.net,538-752-1025,Inventory Executive,34572,6
230,Melissa,Green,littledana@example.net,(856)329-7615x934,Customer Support,60487,17
231,Michael,Smith,ylewis@example.net,(415)309-3094x523,Inventory Executive,41057,47
232,Veronica,Hayes,jcalderon@example.org,+1-297-524-5432x578,Inventory Executive,34690,42
233,Cheryl,Stewart,thomasheather@example.org,967-789-5050x5911,Store Manager,59442,44
234,Lisa,Pace,beckyphillips@example.org,+1-784-575-5816x60702,Store Manager,45336,37
235,Gabriel,Norman,benjamin03@example.net,(810)832-4315x5151,Inventory Executive,30583,89
236,Tanya,Foster,mitchellharold@example.net,001-774-591-9866x352,Customer Support,89258,51
237,Jacob,Castillo,daniel44@example.com,(919)806-2856x07361,Customer Support,81959,81
238,Maurice,White,david08@example.org,2589955364,Sales Associate,83713,81
239,Courtney,Mitchell,stephanie53@example.net,+1-247-610-5836x67934,Cashier,49028,28
240,Jacob,Reed,qpeterson@example.com,001-745-529-9302,Cashier,68975,44
241,Brendan,Lambert,lmorales@example.org,+1-520-233-7909x5308,Store Manager,87304,45
242,Jennifer,Lopez,gloria39@example.net,(683)867-3327x600,Store Manager,80612,68
243,Madison,Doyle,marioflowers@example.com,001-389-966-1946x13146,Inventory Executive,36349,44
244,Kelly,Farmer,connielucas@example.net,734.645.9193,Customer Support,35279,29
245,Jesse,Banks,cvance@example.com,+1-282-471-7401x6958,Customer Support,78076,47
246,John,Cardenas,burgessjustin@example.net,+1-685-721-7993,Sales Associate,87571,46
247,Jamie,Anderson,omaxwell@example.org,(875)648-9629x19077,Sales Associate,77063,80
248,Kenneth,Pruitt,nsexton@example.com,577.818.7588,Sales Associate,86297,17
249,Jose,Hendricks,aporter@example.net,801-201-7826,Store Manager,63469,34
250,Teresa,Martin,terry87@example.com,(535)246-6312x3004,Store Manager,77035,96
251,Andrew,Hamilton,sandra20@example.org,(859)891-4459,Cashier,87948,26
252,Valerie,Arnold,cohentracey@example.com,7084528734,Inventory Executive,44832,96
253,Roger,Garcia,meghan01@example.net,+1-760-503-0196x36906,Cashier,36476,98
254,Valerie,Miller,jrodriguez@example.com,(539)351-1987,Sales Associate,45230,83
255,Gail,Reid,fosborne@example.com,(987)388-1347x29189,Cashier,83657,28
256,Mary,Hernandez,michaelkeller@example.net,(386)897-9075x105,Store Manager,69583,51
257,Nancy,Horne,xray@example.com,+1-597-243-5332x82033,Sales Associate,78226,27
258,Jesus,Lewis,justinhernandez@example.org,734-667-0761,Sales Associate,76986,11
259,Sherry,Matthews,qgonzales@example.net,302.837.9268x8208,Customer Support,55066,45
260,Kristin,Munoz,larsenmorgan@example.net,(962)403-1132,Inventory Executive,58354,48
261,Cameron,Stafford,navila@example.net,001-258-616-4881x0900,Cashier,56106,34
262,Wanda,Howell,tstevens@example.net,459-470-2957,Store Manager,30459,66
263,Karen,Newman,obarrett@example.net,001-590-449-5856x87290,Cashier,35191,87
264,Annette,Hodges,rothanita@example.com,984-746-6637,Sales Associate,70585,39
265,Lacey,Rivera,nmejia@example.com,(223)530-1712x6755,Store Manager,84569,63
266,Catherine,Cruz,crystallewis@example.net,+1-701-445-5179x4462,Inventory Executive,59378,51
267,Carol,Rogers,monica42@example.com,982-405-9402x94813,Sales Associate,65342,25
268,Mary,Gonzalez,lfernandez@example.net,7744978237,Store Manager,40565,31
269,Bethany,Leblanc,kburns@example.net,432-546-7234,Cashier,65092,68
270,Paul,Freeman,cynthiadrake@example.com,922.573.0114x208,Customer Support,50287,7
271,Marissa,Collins,dennis45@example.org,702-307-1657x170,Customer Support,73131,14
272,Julie,Jones,brett72@example.com,001-934-470-4157x45515,Cashier,31983,50
273,Michael,Johnson,nicholas84@example.com,607-510-1353x8974,Customer Support,37275,36
274,Stephen,Miller,reyespatricia@example.org,4113926574,Sales Associate,82629,44
275,Jason,Rogers,yfry@example.org,001-560-383-9662x4923,Store Manager,40405,65
276,Amy,Bennett,jnunez@example.com,985-960-9332x5206,Store Manager,62382,92
277,Lisa,Martin,lindseywagner@example.org,481-266-8146,Sales Associate,64988,29
278,Eduardo,Hahn,ablake@example.org,+1-615-419-7168x435,Store Manager,70410,8
279,Douglas,Mays,owilliams@example.org,859-546-8934x520,Store Manager,62690,15
280,Jennifer,Taylor,susanmills@example.com,(947)618-3199x562,Inventory Executive,59831,17
281,Crystal,White,wbowman@example.com,207.649.9141,Cashier,77245,65
282,Cynthia,Davis,paulawall@example.net,001-671-907-8915,Cashier,43528,18
283,Bruce,Walton,sarah09@example.com,(807)668-6398x68725,Sales Associate,67347,71
284,Matthew,Romero,rogerscharles@example.com,395-937-1521x8003,Cashier,60808,7
285,Sarah,Campbell,grantmichael@example.net,5806353900,Cashier,82677,71
286,Patrick,Combs,allison88@example.net,+1-856-491-1484,Inventory Executive,39483,94
287,Tara,Pace,stephanie61@example.net,209-356-7855,Sales Associate,37496,10
288,Rachel,Kennedy,carl04@example.org,+1-824-252-0256,Customer Support,46961,27
289,Angela,Johnson,stephaniereynolds@example.net,4154924581,Cashier,58338,81
290,Maureen,Moss,stacey75@example.net,+1-263-886-7012x147,Sales Associate,42525,78
291,Shannon,French,ashleyanderson@example.org,818-839-6398x4513,Sales Associate,46661,77
292,Tracy,Anderson,nadkins@example.com,+1-744-362-4676x5630,Store Manager,37234,77
293,Christine,Davidson,jenniferschmitt@example.net,847.659.2945x758,Customer Support,64016,87
294,Eric,Chavez,mmurphy@example.org,792-479-7041,Sales Associate,76245,54
295,Kimberly,Griffin,mccoynicole@example.net,593-682-2859x3004,Customer Support,73099,72
296,Michael,Moreno,bookercarolyn@example.com,(494)517-4720,Inventory Executive,46775,44
297,Emma,Kaufman,ryan79@example.org,(803)511-8369x9361,Inventory Executive,64970,53
298,Wendy,Dean,iharvey@example.net,001-529-640-3553x371,Cashier,83497,48
299,Nicole,Coffey,guy21@example.org,477-878-6535x0000,Customer Support,88608,14
300,Kimberly,Davis,alvarezchad@example.net,+1-381-907-7360x638,Store Manager,63580,43
301,Tammy,Clark,stephenwallace@example.net,+1-211-890-0814x533,Cashier,40047,70
302,Vickie,Murphy,perryjessica@example.net,(690)748-3786x70778,Store Manager,37586,38
303,Patrick,Lloyd,yramirez@example.org,001-836-734-5610,Store Manager,36120,37
304,Amanda,Hernandez,fordnancy@example.com,311.826.8315,Customer Support,72757,89
305,Brittney,Caldwell,seth95@example.org,001-491-381-0795x427,Inventory Executive,59572,46
306,Benjamin,Glass,roybrianna@example.com,(212)601-0509x5100,Inventory Executive,76417,30
307,Phillip,Schaefer,moralesjennifer@example.net,520.672.9348,Sales Associate,36169,77
308,Tyler,Gonzalez,austinjackson@example.org,689-945-7957x979,Customer Support,32054,77
309,Sharon,Gilbert,johnnycole@example.net,(329)991-2712,Customer Support,55934,35
310,Hannah,Berg,john32@example.org,403-628-2803,Cashier,71902,13
311,Travis,Stephens,edwardscorey@example.org,735-917-9355x23000,Customer Support,82066,97
312,Kathleen,Moore,rwalker@example.com,001-793-305-4889x08115,Customer Support,76804,10
313,Brandon,Thompson,schultzmisty@example.com,(363)547-8994x7252,Cashier,68337,33
314,Patricia,Booth,kimberly57@example.com,+1-565-855-5277x2413,Sales Associate,87416,38
315,Chad,Davis,kathleen47@example.com,785-684-1319x8788,Customer Support,47530,30
316,Lauren,Adkins,ocuevas@example.com,+1-249-781-9873x900,Cashier,79888,72
317,Mark,Ayala,zwhite@example.net,+1-653-958-1997x11249,Customer Support,32132,53
318,William,Greene,jeffrey84@example.net,983-710-8658x91139,Customer Support,52043,94
319,Donald,Butler,russellruiz@example.org,001-950-736-1619x91804,Customer Support,34080,15
320,Timothy,Smith,dmorales@example.com,414.409.0466x6738,Sales Associate,75128,91
321,Lori,Stark,xcarter@example.net,(271)548-3136x9358,Store Manager,36765,27
322,Cassandra,Phillips,bartlettdouglas@example.com,854.391.2134,Sales Associate,59350,88
323,Ethan,Lopez,heather64@example.org,001-398-929-8848,Sales Associate,80203,90
324,Anne,Jenkins,jennifer63@example.org,+1-804-875-0126x892,Sales Associate,70006,8
325,Tyler,Harrison,wheeleramanda@example.org,563-518-0376x559,Store Manager,60406,71
326,Jorge,Green,ellisanthony@example.net,380-358-0903,Customer Support,59498,87
327,Ashley,Paul,rossmargaret@example.org,621.329.3272x22462,Customer Support,55163,46
328,Julian,Gonzalez,espinozajean@example.com,333-811-1691x857,Sales Associate,75791,20
329,Natasha,Perez,mlawson@example.com,001-284-590-1292x0809,Store Manager,51481,79
330,Monique,Taylor,david67@example.net,820.475.4620,Cashier,43623,7
331,Ashley,Sanders,shelly76@example.com,622-571-9153x00769,Store Manager,34782,84
332,Joseph,Smith,robertburke@example.org,001-587-710-4503x92444,Customer Support,31956,9
333,Emily,Wilson,wchen@example.com,3697271737,Customer Support,78900,79
334,James,Kim,nbaker@example.net,2928205384,Customer Support,70683,1
335,Stephen,Ward,ppatel@example.com,975-223-6683x9509,Sales Associate,76692,51
336,Andrew,Bass,gtyler@example.org,(479)422-4734x02814,Store Manager,41343,35
337,Chad,Patel,idoyle@example.com,2404693536,Cashier,36546,42
338,Samantha,Cole,shannonhansen@example.org,+1-666-545-9309x284,Inventory Executive,62444,50
339,Lawrence,Velasquez,pwalker@example.net,001-462-988-7293x1791,Store Manager,67148,39
340,David,Flynn,john32@example.org,613.567.9448,Cashier,35988,33
341,Jason,Clark,georgemckinney@example.org,(769)679-5204,Cashier,63428,82
342,Margaret,Nelson,tgeorge@example.com,001-811-270-2484x9073,Sales Associate,87950,99
343,Hunter,Jones,amandaflores@example.org,(866)489-7320x9412,Store Manager,89359,63
344,Kim,Ferrell,michaelfields@example.net,920.355.7672,Store Manager,31722,38
345,Christine,Krause,garciamichael@example.com,+1-901-638-7037x48205,Inventory Executive,55718,65
346,Monica,Martinez,amberwade@example.com,(612)856-8771x0313,Sales Associate,74374,57
347,Melanie,Dawson,sullivanerika@example.net,602-996-8744,Sales Associate,30355,3
348,Paula,Lee,ltownsend@example.com,001-894-409-0857,Inventory Executive,51679,35
349,Kelsey,Baker,brenda35@example.org,760.274.4810,Store Manager,57260,26
350,Linda,Clark,rjimenez@example.org,(986)366-7453,Cashier,72973,51
351,Tracy,Morales,shellysutton@example.org,001-723-486-5684x3647,Sales Associate,41239,13
352,Sandra,Newman,fgomez@example.com,(835)649-8479x1500,Sales Associate,59743,2
353,Yolanda,Pearson,dustintownsend@example.com,581-592-3103,Customer Support,48047,52
354,Jean,Serrano,kristinaperkins@example.org,884.487.0516,Cashier,71723,31
355,Brenda,Reyes,myersnicole@example.com,001-436-625-9403x1950,Customer Support,44619,20
356,Pamela,Wood,nhill@example.com,888-498-5104x76429,Sales Associate,52598,6
357,Gregory,Peterson,barajasrhonda@example.com,(733)395-5565,Inventory Executive,77453,85
358,Michael,Smith,teresa31@example.net,890-735-4106x65353,Customer Support,39624,99
359,James,Alexander,smithmaureen@example.com,+1-236-842-6960x296,Sales Associate,78426,81
360,David,Knapp,tammie36@example.org,941-319-0281x594,Inventory Executive,59269,27
361,Jessica,Clark,mary69@example.com,(356)593-0047,Customer Support,76912,15
362,Katrina,Bailey,micheal48@example.com,(318)552-0330,Store Manager,84243,64
363,Laura,Garrett,dvargas@example.net,627.486.3362,Cashier,73156,75
364,Michele,Jordan,toddsmith@example.com,001-248-851-8939x6968,Cashier,88841,9
365,Gregory,Burgess,stephen94@example.net,483-999-9155x72347,Sales Associate,64364,58
366,Gina,Smith,hartmanstephanie@example.org,(715)344-5038x6928,Customer Support,60545,52
367,Katherine,Hubbard,yroberts@example.org,218-893-0595,Inventory Executive,89878,32
368,Shawn,Hernandez,jonathan38@example.com,404-383-4080x71644,Inventory Executive,57858,28
369,Doris,Rivers,michaelwilson@example.org,250.366.3004,Store Manager,80635,67
370,David,Vega,kjohnson@example.net,(453)885-1861x503,Inventory Executive,44512,57
371,Kyle,Marshall,brenda83@example.com,314-753-7010x029,Inventory Executive,40389,46
372,Anthony,Smith,wlowe@example.com,001-620-573-5956x13381,Store Manager,41704,5
373,Dylan,Sanchez,maria93@example.com,001-999-390-3777x35269,Inventory Executive,46919,83
374,Katie,Rivers,scottsandra@example.org,+1-617-278-1977,Store Manager,78645,61
375,Pamela,Pratt,kimmelissa@example.org,(320)200-6113x40892,Store Manager,42455,69
376,Caleb,Banks,edwardssamantha@example.net,001-703-848-0719,Customer Support,32814,81
377,Nicholas,Reese,zwalters@example.org,001-962-707-1923x920,Sales Associate,57374,27
378,Jamie,Rogers,hroberts@example.com,743.528.0101x5346,Customer Support,77964,30
379,Deborah,Price,yatesbrandon@example.com,2775466633,Sales Associate,76627,34
380,Larry,Craig,krodriguez@example.com,+1-718-214-5618x0324,Sales Associate,59099,61
381,Ruth,Russell,heathercrawford@example.com,386.651.1785,Sales Associate,49763,44
382,Tiffany,Hodge,mccormickkimberly@example.com,+1-660-759-3971x268,Sales Associate,34687,54
383,Sarah,Patton,joshuamolina@example.com,(744)807-1129,Customer Support,62069,48
384,Hannah,Stokes,qsimpson@example.com,395-216-2653x594,Cashier,70913,72
385,Matthew,Small,jbishop@example.org,+1-935-941-4044,Cashier,38197,91
386,Johnathan,Townsend,vanessa39@example.com,(354)710-3688x9694,Sales Associate,32049,44
387,Gregory,Small,johnlong@example.net,246.455.0303x12527,Customer Support,75492,74
388,Erin,Clark,simpsonashley@example.org,+1-825-870-4864,Inventory Executive,74471,46
389,Kevin,Jacobs,ruben47@example.org,+1-704-549-0743x0492,Customer Support,52136,33
390,Manuel,Alvarado,mreynolds@example.net,441.651.2786x6675,Inventory Executive,31372,90
391,Brittney,Martinez,dbaker@example.com,001-797-252-7215x3101,Store Manager,37275,48
392,Jennifer,Williams,fmyers@example.org,568.904.4608x59684,Inventory Executive,45126,24
393,Jessica,Holt,gmorales@example.com,821-229-5303,Inventory Executive,33315,65
394,David,Robles,scottbrittany@example.org,001-628-848-1909x39405,Store Manager,79000,55
395,Tristan,Thomas,ywatson@example.org,559-790-0187x552,Inventory Executive,72179,53
396,Maria,Thompson,oserrano@example.com,977.293.2081x2163,Inventory Executive,74842,49
397,James,Harris,sarahwilliams@example.net,001-532-540-7629x429,Inventory Executive,75666,89
398,Tony,Woodward,mphillips@example.net,6139506726,Customer Support,31806,28
399,Sarah,Phillips,webbmonica@example.com,(216)295-3071x656,Inventory Executive,47301,29
400,Michelle,Garcia,ugray@example.com,807.693.6921x5414,Cashier,51814,27
401,Tim,Hebert,mdouglas@example.org,001-313-724-1616,Inventory Executive,82249,79
402,Samuel,Davis,bradleyle@example.net,001-806-738-5496x355,Inventory Executive,73830,2
403,Elizabeth,Palmer,floresyolanda@example.com,280.979.5396x0652,Store Manager,67988,34
404,Brittany,Kelly,alexanderholmes@example.org,705.356.3538x08284,Store Manager,42790,2
405,Colleen,Garcia,renee09@example.org,234.663.0204x4262,Customer Support,33872,17
406,Barbara,Drake,matthew18@example.org,(819)284-2090x591,Customer Support,42394,15
407,Robin,Scott,jordan77@example.net,+1-255-844-9004x7069,Cashier,53955,63
408,Nicole,Wood,kyle86@example.com,(920)698-7322x2717,Customer Support,64221,98
409,Amanda,Humphrey,shernandez@example.net,(827)522-7114x5103,Cashier,37787,69
410,Kathleen,Rogers,wangmatthew@example.org,564-623-9789,Inventory Executive,67443,78
411,Brian,Hood,obranch@example.net,(458)950-4917x404,Inventory Executive,42887,38
412,Chelsea,Garcia,stephanie11@example.com,817.787.4424,Cashier,68390,33
413,Sarah,Miles,melindacarter@example.org,598-993-9377,Sales Associate,85313,50
414,Troy,Zavala,dawncarr@example.com,461-560-6840,Inventory Executive,36864,55
415,Amanda,Wilson,michaelkrueger@example.org,(738)808-9040,Cashier,50969,83
416,Vincent,Rodriguez,jessicamorris@example.org,+1-876-359-0978x7589,Store Manager,39144,26
417,Randy,Green,angelareynolds@example.com,(361)486-0985x89294,Cashier,82950,43
418,Adam,Sawyer,michaelwilliams@example.net,001-222-385-6588x25304,Cashier,63395,74
419,Michael,Porter,grantandrea@example.org,(619)275-5168x546,Inventory Executive,89789,89
420,Amber,Clark,randyelliott@example.com,822.373.1223x468,Store Manager,49473,84
421,David,Rodriguez,lgreen@example.net,8387613921,Inventory Executive,65026,77
422,Cassandra,Lewis,jameslove@example.org,+1-715-607-9495x975,Cashier,69150,20
423,Samantha,Johnson,martinezdonna@example.com,489.725.0826x94355,Cashier,41434,33
424,Ralph,Tucker,psmith@example.com,850-848-1063x0618,Inventory Executive,55473,64
425,Matthew,Hunt,rsmith@example.net,001-725-770-2229x580,Cashier,56694,96
426,Donald,Turner,smithabigail@example.com,554-359-8258x10346,Cashier,32023,74
427,Sean,Arnold,daviseileen@example.org,593.233.8242,Inventory Executive,47553,94
428,William,Payne,williamsmichelle@example.org,001-571-788-5408x244,Cashier,37462,36
429,Tiffany,Carr,atkinstyler@example.com,+1-870-655-6136x3589,Store Manager,33065,100
430,Cristina,Gray,jeremiahmartinez@example.com,976-577-6613,Store Manager,83135,67
431,Ashley,Shaw,edennis@example.net,(993)945-9925x319,Customer Support,36236,28
432,Danny,Shaffer,wburns@example.net,932.215.7665x1203,Cashier,54149,26
433,Christopher,Alvarado,lisawilkerson@example.com,+1-210-594-2054,Cashier,35164,35
434,Crystal,Carlson,heather22@example.org,598.955.6655x1557,Customer Support,49239,70
435,Amber,Lane,salazarchristopher@example.org,247.482.0725x28109,Store Manager,37252,20
436,Kirk,Mcneil,michaelwilliams@example.net,5262972573,Customer Support,44759,100
437,Thomas,Rice,sanfordjacob@example.org,(817)246-9524x134,Store Manager,44659,6
438,Susan,Bennett,kimberly27@example.org,(731)644-6722x42214,Customer Support,81547,38
439,Jennifer,Ryan,harveytracy@example.net,432-368-4519x468,Customer Support,47307,24
440,Douglas,James,mcclurebrenda@example.net,(286)809-8289,Customer Support,69497,63
441,Dana,Norris,cabreraallison@example.com,3208453637,Customer Support,71146,15
442,James,Holt,jacquelinemolina@example.com,+1-583-423-3943x53251,Inventory Executive,49691,19
443,Nathaniel,Lozano,burnettdanielle@example.org,880.999.3106x0135,Store Manager,53052,50
444,Tracey,Marquez,cjackson@example.com,+1-871-608-9738x274,Inventory Executive,78730,25
445,Steven,White,moorepatrick@example.com,(637)288-6725x1950,Store Manager,51862,28
446,Cynthia,Dunn,ebailey@example.org,001-655-318-6345x2108,Customer Support,88442,8
447,Nicholas,Lopez,ashleybrown@example.com,+1-472-226-4035x952,Cashier,66039,25
448,Wyatt,Villa,grobinson@example.net,001-955-852-3043x221,Sales Associate,65160,63
449,Michelle,Brown,michaelsmith@example.com,(472)975-7847x777,Cashier,75811,69
450,Anne,Leach,caldwellpeter@example.com,(912)924-0646,Store Manager,70311,21
451,Pamela,Taylor,elizabethrose@example.org,(358)954-6128x503,Sales Associate,38851,99
452,Shelley,Rivers,hensleygabrielle@example.com,3253134331,Inventory Executive,87702,30
453,Hannah,Koch,rhonda00@example.org,001-411-641-2286x7689,Inventory Executive,75723,47
454,Jeffrey,Smith,gillespieevelyn@example.org,7973322155,Inventory Executive,54567,37
455,David,Holden,parkermelissa@example.org,805.755.3128,Store Manager,84502,14
456,Michael,Butler,pearsonandrea@example.org,(940)370-8788x3708,Store Manager,61524,62
457,James,Lee,kristincalhoun@example.org,001-528-546-1570x791,Store Manager,70556,18
458,David,Sanchez,stephen31@example.com,001-966-688-7443x626,Store Manager,52147,74
459,Elizabeth,Wheeler,bellcarlos@example.com,274-939-1267x3014,Customer Support,67908,48
460,Victor,Douglas,alexisbaldwin@example.org,419-478-8950,Sales Associate,72041,29
461,Catherine,Perez,fosterjessica@example.net,(549)725-3341x216,Sales Associate,37853,57
462,Anthony,Jones,ginarobinson@example.com,536-644-8534x851,Cashier,42826,13
463,Caleb,Barnes,angelica46@example.org,001-926-204-9598x88045,Customer Support,68927,9
464,Julia,Griffin,sheryl06@example.net,001-717-314-3249x711,Sales Associate,65936,29
465,Timothy,Jones,qwright@example.net,+1-336-586-8961x58335,Cashier,41589,81
466,Matthew,Hubbard,deanna83@example.net,(592)860-6496x91374,Customer Support,84326,16
467,Kelly,Perkins,kylemonroe@example.org,(861)816-1128x46827,Inventory Executive,49159,95
468,Carolyn,Webster,kyle49@example.net,001-802-748-9352x547,Store Manager,37349,8
469,David,Ibarra,vargasgina@example.com,+1-348-722-1514x29524,Customer Support,56512,89
470,Frederick,Oneal,mcmahonsergio@example.org,689.944.0574,Sales Associate,39765,44
471,Brittany,Rodriguez,jill25@example.com,672.305.7706,Cashier,32409,32
472,Jose,Jordan,ronaldgomez@example.org,312-969-4303x7043,Sales Associate,53304,12
473,Lauren,Browning,johnsonjohn@example.org,470-416-4062x858,Cashier,34570,96
474,Katherine,Jenkins,crystal92@example.org,+1-962-666-3655,Cashier,68642,7
475,Emily,Steele,barrettdeanna@example.net,319-229-5980,Store Manager,78605,25
476,Amanda,Vega,wmueller@example.org,001-840-418-3547,Store Manager,60619,17
477,Kristi,Scott,sharilopez@example.com,736-267-1186,Cashier,50360,18
478,Matthew,Roy,sharishelton@example.com,001-390-926-4837,Inventory Executive,88718,53
479,Kimberly,Watson,davidevans@example.com,+1-693-425-9996x897,Inventory Executive,84526,68
480,Charles,Kim,zmyers@example.com,406-426-6814x867,Inventory Executive,45923,94
481,Steven,Sheppard,angela53@example.net,8365644965,Customer Support,76324,87
482,Rodney,York,saramcdonald@example.com,697-465-5714x8211,Store Manager,45879,67
483,Linda,Moody,boydandrea@example.net,(369)627-6637,Inventory Executive,57913,59
484,Joshua,Newman,thomaswalker@example.com,325-860-4046x1763,Customer Support,48668,65
485,Christine,Schaefer,cbeck@example.net,693.249.2192,Cashier,40636,96
486,Robert,Castillo,douglaswalker@example.org,460-362-1527x81616,Inventory Executive,79100,60
487,Michael,Boyle,keithclark@example.net,(466)722-8048,Sales Associate,38150,47
488,Tanya,Holland,rodriguezcorey@example.net,001-282-743-9010,Sales Associate,40606,51
489,Nancy,Farrell,jimmy42@example.net,880-746-7877,Cashier,68935,68
490,Gary,Mcmillan,osmith@example.net,348-683-1457x981,Store Manager,50049,23
491,Jamie,Cross,lisahampton@example.net,756-355-1777,Customer Support,42585,29
492,Beth,Wells,bwilson@example.org,+1-538-833-3633x678,Cashier,82675,3
493,Dustin,Murphy,wwallace@example.net,9376169282,Sales Associate,48262,7
494,Ashley,Hogan,robertpollard@example.com,+1-640-845-9016x74118,Cashier,66011,72
495,Madison,West,heatheroneill@example.org,819.233.0544,Inventory Executive,70944,15
496,Jeffery,Guzman,kevinabbott@example.org,(573)902-2006x5817,Store Manager,56980,2
497,Troy,Harris,pettyholly@example.com,(946)643-1513,Sales Associate,40692,11
498,Diana,Webb,uross@example.net,(413)278-5058x597,Cashier,65359,24
499,Alex,Green,vincent60@example.net,856-215-5084x0669,Store Manager,31379,30
500,Ashley,White,bryan26@example.com,257-511-3340,Cashier,81235,14
501,Christopher,Marquez,joshuapetersen@example.org,828.576.2138x49877,Store Manager,33330,24
502,Todd,Lewis,christopher97@example.net,453.947.7482x29513,Store Manager,75081,44
503,Adam,Nielsen,carnold@example.net,349.647.6685x82743,Customer Support,71978,66
504,Julie,Brown,ygomez@example.net,(503)312-6931x01057,Store Manager,30998,78
505,Jillian,Smith,christophercraig@example.net,979.573.0742x1470,Customer Support,39660,34
506,Angela,Smith,anthonyhall@example.com,468.562.5149x2984,Sales Associate,36405,84
507,Nancy,Sanchez,jacksonryan@example.com,001-789-750-9630x761,Customer Support,61964,9
508,James,Myers,vfigueroa@example.org,892-450-8946,Inventory Executive,79891,18
509,Vanessa,Brown,jeanette50@example.com,254.339.5599,Cashier,73150,3
510,Stephanie,Gutierrez,nixonandrew@example.com,7839657804,Store Manager,78865,19
511,Cindy,Sanchez,claireeaton@example.org,337.848.7810,Inventory Executive,76195,44
512,Mark,Pham,richardmorgan@example.net,001-412-990-4307,Cashier,37810,12
513,Javier,Dudley,efox@example.com,780-347-1305x4571,Sales Associate,62820,84
514,Alexander,Martin,hmartin@example.org,(598)529-7442,Store Manager,31548,59
515,Matthew,Wallace,gordoncameron@example.net,(409)883-2201x18763,Cashier,32775,66
516,James,Lang,robertbarrera@example.net,001-343-887-8569x50415,Cashier,53877,18
517,Carolyn,Mills,aaron84@example.org,(833)939-8512x58203,Cashier,67314,82
518,Elizabeth,Young,yolanda37@example.org,430.949.5572x6019,Store Manager,66876,85
519,Laura,Torres,cbates@example.net,981-485-3542,Customer Support,87877,32
520,Brandon,Davis,tim63@example.net,(264)939-2036,Sales Associate,46733,90
521,Joshua,Sutton,floresfrancisco@example.com,(548)879-7997x03352,Store Manager,84030,6
522,Angela,Thompson,cathyklein@example.org,(850)437-0130,Sales Associate,65533,38
523,Heather,Williams,millerjoseph@example.net,673-660-4917x05096,Inventory Executive,54336,7
524,Regina,Johnston,bryankenneth@example.com,441.481.2632x0300,Inventory Executive,52649,77
525,Bradley,Crawford,goldendavid@example.net,(535)868-7028,Cashier,46565,27
526,Alexander,Wood,ishepherd@example.com,001-590-809-6577x65160,Cashier,89880,96
527,Michelle,Rojas,brodriguez@example.org,713.441.2480x990,Inventory Executive,35393,81
528,Julia,Thompson,nhouse@example.net,(911)397-6984,Customer Support,87912,90
529,Monique,Knight,marcmeyer@example.org,635.238.0939,Cashier,50531,94
530,Karen,Torres,sarah71@example.net,+1-921-831-9763x2197,Sales Associate,64626,96
531,Lisa,Lopez,andrewbrady@example.net,001-945-468-3194x05893,Customer Support,43030,34
532,Cassandra,Martinez,lloydyvonne@example.net,405-491-2031x4943,Customer Support,71629,61
533,Melissa,Rodriguez,walteramanda@example.org,001-317-936-6783,Inventory Executive,72998,72
534,Alexander,Davila,jamescalderon@example.org,001-655-957-8930x06966,Sales Associate,64560,88
535,Amanda,Anderson,zdavidson@example.com,001-241-930-3896x003,Sales Associate,67360,93
536,Amy,Proctor,brendaoneal@example.com,805-643-5477x7376,Customer Support,78775,32
537,Tamara,Bautista,thomasgriffin@example.net,(270)854-5262,Sales Associate,62584,97
538,Joseph,Williams,carmengriffin@example.com,+1-427-293-3022,Store Manager,87621,13
539,Timothy,Smith,wpollard@example.net,+1-352-648-6695x0288,Inventory Executive,64849,17
540,Clayton,Lewis,tayloraguilar@example.net,792.713.2203,Store Manager,80380,94
541,Michael,Wilson,awright@example.com,001-943-782-4567x64002,Store Manager,33828,2
542,Linda,Campbell,hahnashley@example.net,+1-253-781-3486x1768,Cashier,79677,88
543,Zachary,Collins,philip85@example.org,001-852-705-6871x9148,Sales Associate,60693,63
544,Terry,Steele,bradley69@example.com,+1-784-604-2606x0293,Inventory Executive,49422,13
545,Lori,Long,mcgeelaura@example.org,207.618.4167,Inventory Executive,81163,87
546,Timothy,Carter,joelboyd@example.org,+1-276-310-8865x80984,Customer Support,54686,41
547,Nancy,Hines,matthewgoodwin@example.org,001-571-981-3503x05568,Store Manager,80045,37
548,Sydney,Kelly,sharon49@example.com,001-617-729-2121x939,Inventory Executive,56526,93
549,Hayley,Solomon,rebeccawilson@example.net,367-841-3948,Cashier,86688,33
550,Laura,Phillips,bthomas@example.org,604.661.3176,Cashier,46835,44
551,Mary,George,mprice@example.com,001-964-669-4573,Inventory Executive,31393,84
552,Mark,Oneal,ariana22@example.org,+1-806-863-0182x142,Inventory Executive,43252,3
553,Jasmine,Hawkins,melissa90@example.org,2423513628,Cashier,83667,65
554,Richard,Rivera,heather51@example.com,+1-915-226-8058,Sales Associate,32860,75
555,Samuel,Wallace,jon24@example.org,+1-362-376-1590,Customer Support,80424,6
556,Alyssa,Taylor,spencerlara@example.org,+1-389-919-7150,Store Manager,39402,99
557,Sarah,Burton,allenshannon@example.org,+1-783-891-1528,Cashier,85715,91
558,Patricia,Lucas,munozkevin@example.com,735.419.8609x312,Sales Associate,72727,29
559,Patrick,Nguyen,ecook@example.com,001-318-364-9473x037,Cashier,75912,79
560,Melissa,Taylor,dmartin@example.org,001-476-860-4509x272,Cashier,88418,49
561,Eric,Morris,woodstimothy@example.org,3925640093,Cashier,39408,23
562,Cindy,Nelson,joshuaclark@example.org,805.408.9835,Customer Support,59146,11
563,Mark,Mills,kimberly93@example.net,4187004468,Sales Associate,54672,51
564,Brandon,Cooper,feliciasandoval@example.com,792.627.4014x31338,Store Manager,30727,69
565,Thomas,Grant,kara95@example.com,603.838.5704,Inventory Executive,43447,9
566,Sandra,Nichols,jmarsh@example.org,957.387.7334x06448,Customer Support,75523,15
567,Stacy,Jones,connor37@example.org,8936217827,Cashier,89504,66
568,Deborah,Salazar,keith88@example.org,479.553.3226x8886,Customer Support,43107,17
569,George,Sanchez,dylanyoung@example.org,366.550.4805,Inventory Executive,73841,71
570,Barbara,Lowe,james57@example.com,668-640-8425,Store Manager,73576,43
571,William,Townsend,alisonrichardson@example.net,533-321-9962,Store Manager,88098,43
572,Sara,Lopez,hallchristopher@example.org,(322)651-0338,Sales Associate,81553,9
573,Maurice,Sanchez,heather02@example.net,(252)752-6048,Store Manager,53244,37
574,Rebecca,Bond,patrick78@example.org,576-781-5778,Store Manager,75679,36
575,Christopher,Hunter,jonesderrick@example.com,446-917-6299,Cashier,80575,75
576,Rachel,Dixon,alexanderthomas@example.org,789.723.5038x3618,Sales Associate,42086,91
577,Marcus,Bauer,sandra33@example.com,(556)479-9092,Customer Support,82875,79
578,Ian,Estrada,amiles@example.com,352-499-8981,Cashier,50471,95
579,Stephanie,Nolan,briana40@example.net,+1-994-371-6392,Sales Associate,65367,52
580,Tammy,Kelly,ashleymcdowell@example.com,485-907-5739,Sales Associate,73240,74
581,Lee,Kirk,uharris@example.net,+1-304-881-9704x30295,Sales Associate,30252,41
582,Karen,Martin,bgriffin@example.org,788.217.9412x81378,Store Manager,31382,87
583,Troy,Ross,mmolina@example.org,001-511-245-6284x25732,Inventory Executive,38770,87
584,Jeff,Allen,zwhite@example.org,360-686-1586x434,Customer Support,62917,5
585,Timothy,Hill,alvaradowilliam@example.com,(226)216-5630x858,Cashier,39886,31
586,Alexa,Richard,srichards@example.net,6559088145,Sales Associate,57424,98
587,Victoria,James,diana19@example.com,2047986275,Sales Associate,59389,83
588,Jessica,Boyd,jon46@example.net,934.929.6289x37635,Inventory Executive,78589,53
589,Arthur,Moon,thorntongerald@example.org,+1-339-995-4614x3506,Inventory Executive,30428,65
590,Laura,Malone,jenniferlyons@example.org,+1-395-229-3223x443,Cashier,60310,23
591,Alan,Lynch,erik03@example.com,678-697-0312,Inventory Executive,76989,62
592,Tonya,Thomas,aprilschroeder@example.org,(718)336-7620x05363,Cashier,38711,23
593,Kathleen,Barr,lshaw@example.net,001-910-675-0904,Customer Support,63182,43
594,Alicia,Simmons,kmiller@example.com,595.260.8253x1645,Store Manager,71805,56
595,Chris,Andrade,shawn71@example.com,821.327.6311,Store Manager,69510,90
596,Julie,Leblanc,james42@example.net,6329898763,Store Manager,47278,71
597,Kelsey,Turner,michelleanderson@example.com,+1-491-813-9092x270,Sales Associate,79281,99
598,Jose,Crosby,woodwardamber@example.net,870.871.5031x43295,Sales Associate,39201,81
599,Micheal,Rodriguez,lisa06@example.org,+1-239-628-9025x94296,Sales Associate,59204,91
600,Brian,Jones,richardsonlisa@example.org,854.243.2870x893,Store Manager,61359,72
601,Daniel,Thomas,millersamuel@example.net,721-554-1513,Inventory Executive,36046,22
602,Chad,Curry,johnsonpamela@example.net,323-482-4192,Customer Support,79631,30
603,Jeanne,King,alan13@example.net,(318)557-0328x322,Customer Support,53974,78
604,Patricia,Campbell,millerbryan@example.net,001-871-317-1212,Store Manager,58778,34
605,Anna,White,afranco@example.com,361.817.3398x7462,Inventory Executive,65995,17
606,Beverly,Oneill,bradley62@example.org,+1-861-952-1751x3474,Cashier,80624,59
607,David,Wilson,jacksondanielle@example.net,001-918-671-0919x0607,Inventory Executive,65195,21
608,Mary,Moses,craig11@example.org,(904)876-2211x07599,Inventory Executive,69779,52
609,Trevor,Arroyo,steven86@example.com,435.913.6082,Inventory Executive,65835,53
610,Rebecca,Alexander,whitekathleen@example.com,+1-531-738-0051x3962,Inventory Executive,46972,32
611,Angela,Henderson,westdonald@example.com,001-960-977-9579x6686,Customer Support,68906,34
612,Margaret,Mcclain,holmesdanielle@example.net,+1-288-991-9324x56991,Sales Associate,42322,71
613,Juan,Miller,gtrujillo@example.net,+1-236-323-2265x013,Cashier,30793,56
614,Katrina,Curtis,yhumphrey@example.net,939-481-6840,Cashier,54818,98
615,Shannon,Goodman,mcdonaldjoel@example.net,+1-261-267-5344,Customer Support,40815,16
616,Rhonda,Pearson,matthewsdavid@example.com,(992)887-3356,Inventory Executive,74125,12
617,Ashley,Morales,williambolton@example.com,2295225133,Customer Support,54952,71
618,Veronica,Warren,davisjenna@example.org,(205)636-8927,Cashier,34919,61
619,Judy,Moore,christopher89@example.org,+1-216-406-4413x919,Inventory Executive,65081,25
620,Logan,Gutierrez,donald30@example.net,(501)543-4836,Sales Associate,60146,62
621,Valerie,Jordan,claynancy@example.com,(635)443-1806x507,Sales Associate,63568,47
622,Linda,Gallegos,edgarewing@example.com,259.630.7426,Inventory Executive,67515,83
623,Maureen,Johnson,whitejoseph@example.net,897-884-1246,Customer Support,31720,82
624,Joshua,Richard,austinwilliam@example.org,798-336-7194,Sales Associate,81113,90
625,Mark,Benjamin,clarkkatrina@example.com,407-922-9109,Sales Associate,44469,97
626,Ashley,Hardin,jackanderson@example.org,001-476-770-8750,Inventory Executive,39549,3
627,Austin,Murphy,michellejohnson@example.org,925.267.2238x533,Customer Support,69266,37
628,Robert,Robinson,christophergreene@example.org,+1-860-721-1732x4074,Sales Associate,31170,8
629,Frank,Moore,wroberts@example.org,5953938626,Cashier,86467,99
630,Lisa,Murray,orios@example.com,885-799-3723,Store Manager,40677,86
631,Kristine,Warren,umays@example.org,001-834-687-3719x43031,Customer Support,57314,5
632,Kevin,Ortega,stephanie93@example.com,001-504-222-8375x1428,Customer Support,55740,5
633,Daniel,Hampton,natalie63@example.net,424-568-0743,Customer Support,38696,81
634,Matthew,Johnson,perezfrancis@example.net,399.935.6962x1584,Sales Associate,38557,89
635,Nicole,Gallagher,rodriguezdaniel@example.net,975.237.7959x92845,Cashier,36074,41
636,Jimmy,Serrano,andrea30@example.org,(552)701-7934,Sales Associate,47982,18
637,Theresa,Harper,kimberly22@example.net,+1-590-859-3737x01591,Store Manager,35330,13
638,Brian,Jones,shelbymitchell@example.com,001-891-256-4067x579,Cashier,63221,38
639,Yolanda,Phillips,lisasantos@example.net,289.309.8565,Store Manager,38099,61
640,Wendy,Sandoval,james20@example.net,2709105705,Sales Associate,70416,39
641,Katherine,Baker,josephdouglas@example.org,001-528-694-1366x3513,Store Manager,30089,64
642,Kristy,Robles,campbellsamuel@example.net,2434947992,Sales Associate,53551,18
643,Erika,Johnson,shawna87@example.org,(404)617-2829x150,Sales Associate,77794,11
644,Michelle,Castro,paul31@example.org,291.583.5231,Store Manager,73200,8
645,Alyssa,Wagner,hugheszachary@example.com,288-759-0808,Cashier,31075,94
646,Marc,Wilkerson,javierrobinson@example.net,460.955.8938x8441,Customer Support,59152,61
647,Brittany,Garrett,stuartjenna@example.com,001-650-925-2663,Cashier,44670,39
648,Antonio,Martin,hartpeter@example.com,(219)233-8709x06386,Inventory Executive,50801,54
649,Cassandra,Vargas,vwolfe@example.com,511.231.1127,Store Manager,52950,66
650,Kevin,Harris,batesangela@example.org,+1-623-401-2873x0533,Cashier,42120,97
651,Lauren,Henderson,rgallegos@example.com,619-443-5163,Sales Associate,33835,5
652,Edward,Hill,andrewpaul@example.com,(455)657-2822x42956,Store Manager,71701,100
653,Natasha,Gaines,scollier@example.com,7787105753,Inventory Executive,43321,37
654,Denise,Mclaughlin,petermiller@example.net,(844)586-5149x10479,Sales Associate,80408,4
655,Kim,Gonzalez,davidthomas@example.org,732-307-1917,Cashier,76343,39
656,Hannah,Yu,curtischeryl@example.net,(974)652-6090x400,Inventory Executive,39070,70
657,Shelly,Pearson,joshua17@example.com,519-625-4334x424,Inventory Executive,85505,86
658,Mary,Wright,gerald88@example.org,+1-947-923-0305,Store Manager,43932,71
659,Sara,Phillips,xvasquez@example.org,(358)733-9662x086,Inventory Executive,35684,48
660,Brian,Hernandez,andrea52@example.net,(278)490-6834x5277,Customer Support,61923,34
661,Kenneth,Smith,denisekrueger@example.org,+1-398-954-0244,Store Manager,34030,36
662,Pamela,Olson,wgarcia@example.org,945-618-0434x3992,Sales Associate,70199,70
663,Albert,Cantu,eperkins@example.net,001-658-201-9187,Cashier,64488,78
664,Benjamin,Barker,reginald43@example.com,275-293-3085x7473,Store Manager,77364,40
665,Kimberly,Jones,jenna58@example.com,+1-458-215-1004,Store Manager,85258,87
666,Danielle,Webb,shannon26@example.org,296-650-0087x5921,Customer Support,51580,28
667,Brittany,Yang,vcarroll@example.net,538-894-2728,Sales Associate,70953,58
668,Mary,Ross,torresnancy@example.org,001-384-594-6407x5385,Sales Associate,68840,31
669,Thomas,Maynard,craig09@example.com,551-796-5041x40004,Inventory Executive,62610,12
670,Patrick,Hale,ybriggs@example.org,(423)815-1593,Customer Support,57733,81
671,Gavin,Hall,snelson@example.org,610.774.4734x8138,Cashier,72080,68
672,Alexis,Banks,sellersrobert@example.org,323-514-4979x485,Store Manager,57220,74
673,Shawn,Johnson,clarkashley@example.org,458.253.9026x33144,Cashier,51427,10
674,Kenneth,Mcconnell,caldwellamanda@example.org,+1-408-648-1770x5792,Sales Associate,55202,60
675,Pamela,Sanders,brittany70@example.com,+1-986-975-7088x7380,Cashier,74125,61
676,Luke,Simpson,kerriwhite@example.org,(973)611-0864x6215,Cashier,71252,41
677,Donald,Gonzales,phillip26@example.org,853.822.6197x50354,Store Manager,81253,60
678,Danielle,Guerrero,chambersabigail@example.net,529-659-7875,Cashier,69864,90
679,Stephen,Kirk,jenniferjones@example.org,502.492.9840x015,Store Manager,41745,73
680,Lee,Brown,gmejia@example.org,726.548.9719x33092,Customer Support,83290,58
681,Tasha,Mitchell,shelley90@example.com,952.503.8023x7037,Inventory Executive,49124,89
682,Gregory,Byrd,kruegercaleb@example.com,5684165386,Inventory Executive,59319,98
683,Stephen,Melton,etownsend@example.org,+1-677-498-5046x4648,Store Manager,68270,29
684,Rebecca,Russell,ymullen@example.com,+1-936-440-5018x76683,Sales Associate,69790,74
685,Timothy,Waters,gvasquez@example.net,871-701-1839x3940,Store Manager,35781,4
686,Heather,Everett,rroberson@example.org,001-656-570-8661x174,Cashier,45132,2
687,Lindsay,Johnson,ugibson@example.org,213-399-0489x07565,Store Manager,52971,28
688,Andrew,Aguirre,amanda87@example.com,(815)664-3607,Store Manager,33704,14
689,Katherine,Smith,gutierrezjoyce@example.com,(953)670-4965x33561,Sales Associate,35584,71
690,Kevin,Campbell,barnettbrian@example.org,+1-254-374-6277x134,Store Manager,47984,72
691,Jennifer,Hicks,yrichardson@example.org,001-634-208-8489x650,Inventory Executive,47061,60
692,Tamara,Reynolds,david84@example.net,(859)298-4294x71583,Store Manager,75349,41
693,John,Mack,kimberlycole@example.net,779-311-1030x84455,Cashier,75704,98
694,Sean,Johnson,eric59@example.com,973-786-0418x95521,Sales Associate,79972,92
695,Susan,Davis,steven88@example.org,(996)943-2848x862,Customer Support,85726,73
696,Rick,Fuentes,gonzaleskatie@example.net,792-656-7148x69201,Customer Support,78797,91
697,Tara,Smith,marie13@example.net,675-535-3997x571,Cashier,34571,83
698,Jeffrey,Thomas,sonyasmith@example.org,312-375-0540,Sales Associate,43182,12
699,Amy,Adams,joseph38@example.net,688.732.7321x81273,Inventory Executive,66064,79
700,Steven,Butler,jose93@example.com,787.502.0039,Store Manager,49739,81
701,Glenda,Evans,ldavis@example.com,484-529-0057,Sales Associate,46249,3
702,Ashley,Lewis,aaronbrown@example.net,(973)881-6864,Sales Associate,70822,60
703,Chad,Wright,burtoncarlos@example.com,576-445-7897x939,Cashier,42821,38
704,Edwin,Clark,christinaspencer@example.org,534.660.7859x86267,Inventory Executive,39995,100
705,Mark,Rojas,brockheidi@example.net,001-546-671-1302x8821,Sales Associate,45079,8
706,Sherri,Delgado,gfox@example.net,(217)582-7728,Inventory Executive,50912,80
707,Seth,Miller,klove@example.org,5928873163,Inventory Executive,86633,10
708,Darryl,Larsen,byrdandrew@example.com,558-579-0086x8311,Inventory Executive,32190,24
709,Veronica,Bates,taylor08@example.org,001-614-706-8484,Inventory Executive,79556,51
710,Pamela,Klein,mroberts@example.org,001-866-810-9094x8291,Inventory Executive,60464,70
711,Raymond,Beard,yodereric@example.org,001-415-886-3899x4653,Sales Associate,54103,48
712,Andrew,Rodriguez,stephanie23@example.net,(797)693-1462,Cashier,30091,22
713,Brian,Hart,mullenjose@example.net,894-457-2333x40033,Inventory Executive,63122,81
714,Linda,Carson,michaelpeterson@example.com,+1-516-650-8196x55411,Customer Support,58088,59
715,William,Santos,msloan@example.com,+1-769-763-7538x68008,Store Manager,49472,50
716,Richard,Lee,lellis@example.net,491.805.4629,Cashier,49259,51
717,Steven,Vasquez,avilatanya@example.net,001-717-654-9670x2525,Cashier,39201,99
718,Jeremy,Rivera,douglasbrandon@example.com,622.272.7895,Inventory Executive,51103,78
719,Emily,Cooper,laura61@example.net,+1-879-388-4991x797,Cashier,54443,53
720,Kelly,Sanders,uholmes@example.org,001-726-483-4282x3478,Customer Support,70519,2
721,Emily,Reed,mark39@example.net,001-916-359-2250x6032,Inventory Executive,65350,11
722,Michelle,Wiggins,pettytracy@example.com,464.738.6488,Store Manager,34880,1
723,Ashley,Woodard,justincook@example.com,+1-435-518-0371x771,Inventory Executive,39644,83
724,Rebecca,Miller,charleshess@example.net,(549)430-6356,Inventory Executive,69716,6
725,Lisa,Campbell,garystrong@example.net,546-427-6032x16025,Inventory Executive,34845,11
726,Stephen,Mckenzie,debra27@example.org,288.826.6043,Inventory Executive,45456,51
727,Paula,Guerra,joshualambert@example.net,498-425-0245x651,Cashier,77344,83
728,Mackenzie,Woods,andrew49@example.com,001-427-396-8654x78508,Store Manager,82910,63
729,Jodi,Stevens,sheryl42@example.com,861.430.8931,Sales Associate,46044,4
730,Kenneth,Cox,holmeskristine@example.net,986-491-7903x266,Cashier,60299,36
731,Judy,Lucas,gabriellemcconnell@example.com,335-957-9767,Inventory Executive,34154,16
732,Christopher,Martinez,charlesleon@example.com,(480)491-5854,Sales Associate,57090,56
733,Paul,Scott,dferguson@example.org,+1-286-629-4102x879,Inventory Executive,60696,34
734,Eric,Kelly,navarrotracy@example.org,955-549-1873x4379,Cashier,85283,87
735,Kyle,Smith,etaylor@example.com,250-719-9086,Inventory Executive,55393,74
736,Jon,Guzman,jenniferdunn@example.com,+1-683-926-0451x7182,Customer Support,35808,9
737,Courtney,Juarez,zkim@example.org,+1-855-433-1744,Inventory Executive,35136,12
738,Troy,Welch,phill@example.org,484-344-9716,Cashier,80411,3
739,Elizabeth,Alvarado,bennettmartin@example.org,(400)378-2774,Customer Support,53856,100
740,Michaela,Smith,lclark@example.org,628.469.7230x66193,Customer Support,87895,55
741,Melissa,Perez,oneilljeffrey@example.net,+1-800-922-1146x742,Store Manager,59996,71
742,Pamela,Callahan,michaelingram@example.com,307.984.2561x8313,Inventory Executive,74152,28
743,Michael,Carter,michellebishop@example.com,(520)505-8569,Customer Support,60063,86
744,Christopher,Wilson,barbara13@example.net,(850)445-9910x39104,Store Manager,55030,73
745,Charles,Holder,heathermanning@example.net,6859891200,Sales Associate,39791,17
746,Jason,Graham,smithjoshua@example.org,603-876-1753,Cashier,65951,7
747,Ryan,Richardson,matthewpayne@example.org,001-863-947-3177,Store Manager,88912,24
748,Susan,Frost,david26@example.net,5733340740,Customer Support,34044,18
749,Tammy,Christensen,glenncarol@example.org,001-871-281-1876x67082,Inventory Executive,70476,84
750,Antonio,Rubio,bakerjustin@example.net,(482)380-4176x25582,Store Manager,48128,49
751,Victoria,Tucker,ginanichols@example.org,772.820.9280x2297,Sales Associate,87135,99
752,Bryan,Garcia,kevinjohnson@example.com,791.982.1264x25168,Cashier,81187,9
753,Claudia,Oneill,bassmichael@example.org,739-635-7170x3641,Customer Support,42203,30
754,Stephanie,Harrell,simserin@example.org,582-708-2860x1626,Inventory Executive,88353,56
755,Amy,Day,xmckinney@example.com,481-302-4001,Cashier,69785,21
756,Matthew,Reynolds,william80@example.com,473-949-0781x1353,Store Manager,47577,16
757,Kevin,Davis,yhurst@example.org,801.859.6676,Store Manager,58215,57
758,Jessica,Moore,sharon20@example.org,386.762.9733x79874,Store Manager,54171,85
759,William,Roberts,beckrichard@example.org,001-229-770-2042x488,Customer Support,30835,24
760,Brenda,Scott,robin35@example.org,+1-229-672-8428x560,Store Manager,36732,11
761,Christopher,Knight,brittanyhall@example.net,+1-325-372-3934x173,Cashier,67137,90
762,Danielle,Guerra,crystal30@example.org,324.641.4527x1324,Inventory Executive,80206,18
763,Christopher,Marsh,morenoamber@example.org,355-966-3007,Store Manager,41908,43
764,Erin,Bauer,mitchelljennifer@example.net,216-534-3506,Sales Associate,84697,10
765,Heidi,Williams,johnsonkaren@example.net,+1-480-958-1982x1263,Cashier,62878,69
766,Brittany,Ramirez,tanyayoung@example.org,001-815-738-6540x1693,Inventory Executive,54614,62
767,Lori,Jones,gibsonbonnie@example.net,970-303-2652x577,Cashier,30607,96
768,Amy,Alexander,robinsonlisa@example.com,001-677-300-4795,Cashier,44200,66
769,Vicki,Rhodes,rosschristopher@example.com,+1-280-631-1459x2782,Cashier,56654,42
770,Cody,Rojas,lawrence51@example.com,682-835-5464x93987,Cashier,30532,39
771,Leslie,Duncan,sarah15@example.com,+1-383-215-4516x79562,Cashier,60895,35
772,Nicole,Weber,michael24@example.net,(819)825-4622x55938,Cashier,75242,3
773,Lisa,Owen,gcarter@example.org,001-678-458-4535x8065,Sales Associate,32862,18
774,Alexis,Zuniga,douglas34@example.net,(909)289-2007x045,Sales Associate,37400,62
775,Justin,Keller,smithallison@example.net,+1-426-291-9187,Customer Support,67225,29
776,Henry,Johnston,rsoto@example.net,(711)953-9122x6874,Sales Associate,57714,20
777,Greg,Strong,robertfrye@example.com,568-809-5629,Sales Associate,63813,43
778,Christopher,Sanchez,jenna05@example.com,+1-974-896-1330x92658,Customer Support,34024,7
779,Dennis,Warner,brian77@example.org,(429)490-9092,Cashier,64406,49
780,Alexis,Brown,robbinsjennifer@example.com,(679)894-6647,Sales Associate,55898,75
781,Todd,Hayes,qpineda@example.net,+1-696-227-0116x400,Customer Support,72698,53
782,Kathleen,Burns,adrian88@example.net,(442)426-3446,Customer Support,61969,72
783,Hannah,Howard,ubuckley@example.org,365-569-9378x087,Store Manager,58511,1
784,James,Thomas,mvazquez@example.net,966-795-5690x71170,Store Manager,35896,15
785,Kevin,Warren,dstewart@example.com,(231)514-7186x294,Inventory Executive,72013,100
786,Michelle,Buckley,briansmith@example.com,223-925-5242x5925,Sales Associate,52484,93
787,Robert,Bowers,karen68@example.com,+1-777-775-5900x45445,Sales Associate,59985,86
788,Maria,Saunders,currydenise@example.com,001-403-280-7824x194,Inventory Executive,88092,62
789,Danielle,White,xalvarez@example.net,790-332-2576x525,Customer Support,36970,65
790,Tony,Salinas,jacqueline66@example.org,001-961-376-3919x75866,Cashier,87409,4
791,Jason,Gomez,shane32@example.com,323-787-8238,Store Manager,74769,39
792,Timothy,Pittman,tammy39@example.com,+1-759-671-8489x2619,Inventory Executive,81919,79
793,Robert,Adams,ariasdonna@example.org,+1-946-722-2922x471,Inventory Executive,55857,80
794,Vanessa,Green,dlindsey@example.net,001-536-970-2668,Cashier,47363,89
795,Todd,Rodriguez,woodbenjamin@example.org,963-672-3306x998,Store Manager,57168,25
796,Michael,Becker,evanscott@example.org,(931)725-2107,Sales Associate,67000,85
797,Chad,Stephens,lopezjoel@example.com,001-574-709-1601x110,Inventory Executive,50130,3
798,Amber,Taylor,bookerlouis@example.com,001-221-700-9523x33252,Sales Associate,88584,67
799,Brenda,Pacheco,tschneider@example.org,4489386737,Cashier,46156,60
800,Taylor,Ibarra,fpham@example.com,283-957-2349,Cashier,34542,37
801,Melinda,Peters,knightmichael@example.com,(449)810-1533,Customer Support,65895,50
802,Elizabeth,Martinez,tonya16@example.net,(653)243-4514x975,Customer Support,32276,19
803,Howard,Johns,jenkinsandrew@example.org,421-381-1007x789,Inventory Executive,41031,32
804,Denise,Johnson,jacksonsarah@example.net,(371)349-0759x081,Sales Associate,34102,86
805,Allison,Gardner,tking@example.net,(741)865-6130x807,Inventory Executive,33792,4
806,Richard,Carter,greenhunter@example.net,602-816-5177,Store Manager,79101,81
807,Angela,Novak,deanmichael@example.org,(756)940-2430x90255,Sales Associate,34148,93
808,Rachel,Robinson,jacobhawkins@example.net,3734167095,Sales Associate,30289,76
809,Kaitlyn,Torres,leewendy@example.org,(407)652-2652,Inventory Executive,70177,26
810,Susan,Moore,terrischmidt@example.net,877-319-4166,Cashier,36170,9
811,Lori,Young,robin50@example.com,001-799-462-1690x946,Cashier,74124,65
812,Jason,Moore,jonathon42@example.net,605-942-3460x89897,Inventory Executive,34994,60
813,Timothy,Robertson,sharon70@example.org,+1-285-431-5332x6794,Sales Associate,44911,30
814,Stacie,Deleon,melissadorsey@example.com,001-628-507-3279x58403,Cashier,30042,28
815,Jason,Hoffman,clarkjessica@example.com,(267)798-0458,Store Manager,41857,93
816,Robert,Oconnell,jguerrero@example.org,+1-255-627-7652x8793,Cashier,33324,82
817,Amanda,Gonzales,thomaschang@example.org,678.959.5763,Cashier,66195,73
818,Sarah,Daniels,joanna82@example.net,(705)398-2702x7222,Customer Support,89929,39
819,Christopher,Harris,josephgarcia@example.com,665-255-2482,Sales Associate,65700,27
820,Michael,Sherman,ggould@example.net,+1-528-772-5556,Customer Support,60862,61
821,Christopher,Hawkins,sean01@example.org,802.241.4839,Cashier,75167,8
822,Ashley,Leon,masonrodriguez@example.com,001-787-675-0835,Sales Associate,47462,86
823,Alec,Frey,wgarcia@example.com,001-426-473-5985x340,Inventory Executive,63886,5
824,Joseph,Rodriguez,dmcpherson@example.org,8189596974,Sales Associate,51228,23
825,John,Howe,wilsonshane@example.org,+1-603-776-5157x37222,Store Manager,82510,58
826,Patrick,Smith,christianpatrick@example.net,231.912.1760x104,Customer Support,42819,34
827,Christopher,Mckinney,jonathangross@example.com,+1-931-876-2376x960,Sales Associate,86253,2
828,Tracy,Meyer,nmitchell@example.org,(428)905-8378x9291,Cashier,82589,94
829,Nicholas,Anderson,khanjoe@example.net,5874675162,Cashier,77448,71
830,Kimberly,Vaughan,frederick55@example.net,621.599.4509,Customer Support,77289,62
831,Walter,Perry,parksmorgan@example.org,+1-943-448-9277x458,Store Manager,80735,68
832,Stephanie,Ramirez,ramirezpamela@example.net,735-499-9612,Cashier,57996,16
833,Alexis,Powell,tharrington@example.org,(265)278-5294x0065,Customer Support,53018,25
834,Jeffrey,Wilson,kimberlyray@example.org,616.331.8021x2364,Sales Associate,34606,64
835,Sara,Griffin,mcarpenter@example.org,763-397-4890x68404,Sales Associate,52220,9
836,Tamara,Martin,elizabethcollins@example.com,5993822858,Sales Associate,42734,60
837,Caitlin,Sullivan,randolphjoshua@example.org,001-537-877-2968x5310,Cashier,30241,12
838,Steven,Mcdonald,karen47@example.com,871.749.4130,Sales Associate,48456,33
839,Mary,Clarke,ypatton@example.org,001-622-972-7308x760,Cashier,50497,49
840,Brian,Young,christinawhitaker@example.org,626-911-2856x820,Store Manager,61460,63
841,Daniel,Goodman,lisa36@example.net,+1-671-767-9843,Cashier,83537,38
842,Ashley,Thomas,lancewatson@example.org,(958)792-7189x98634,Store Manager,64735,26
843,Michael,Collier,paulakane@example.net,967.289.4113x023,Customer Support,43007,86
844,Dean,Morgan,tuckerjoshua@example.net,+1-305-611-2667x2034,Cashier,60093,93
845,Joel,Hunt,jillian70@example.com,457.362.4790x1150,Inventory Executive,72281,19
846,Samantha,Page,thomaswilliams@example.net,+1-643-554-4148x7641,Inventory Executive,79659,14
847,Mary,Johnson,adam28@example.com,945.453.1960,Inventory Executive,41578,25
848,Elizabeth,Solomon,robin26@example.net,7598845115,Inventory Executive,31561,9
849,Jesus,Henderson,mary35@example.org,839-373-4261,Customer Support,81058,8
850,Hannah,Blake,ecalhoun@example.org,3869900885,Inventory Executive,51411,19
851,Jamie,Baird,teresa59@example.net,301-243-2588,Customer Support,64232,6
852,Amanda,Frank,thomasjames@example.com,+1-702-746-2519,Cashier,66542,42
853,Dana,Wells,jcain@example.com,+1-331-965-6768x93802,Store Manager,37767,68
854,Kathleen,Gallegos,noblemark@example.com,001-719-920-0223x95991,Sales Associate,32364,95
855,Mike,Guerrero,kathrynstewart@example.com,879-616-0069x976,Inventory Executive,54837,63
856,Morgan,Brooks,xjohnson@example.net,(559)875-9673x1242,Store Manager,63443,52
857,Jill,Nunez,marianelson@example.org,861-825-2128x0192,Customer Support,68012,46
858,Kyle,Lutz,christophergreen@example.com,228-225-5247,Store Manager,87775,37
859,Stephanie,Berry,kimberly88@example.com,+1-910-697-5351x48308,Sales Associate,80748,96
860,Andrew,Walker,timothybennett@example.com,426-364-0690,Customer Support,45093,33
861,Anthony,Sloan,anthony20@example.com,(321)423-7715x6141,Inventory Executive,76458,60
862,Lance,Garcia,palvarez@example.net,564.960.2143,Store Manager,53698,14
863,Jacob,Lee,smithmatthew@example.org,001-940-234-6873,Inventory Executive,51547,79
864,Angela,Gonzalez,lpacheco@example.org,(822)310-2160,Sales Associate,40831,26
865,Deborah,Grimes,munozcrystal@example.com,678-977-9604x5348,Sales Associate,71662,5
866,Michelle,Salinas,annettejohnson@example.org,(283)976-0533,Cashier,40657,48
867,Kurt,Jones,sanderson@example.com,267.292.1318x43725,Sales Associate,76527,40
868,Natalie,Trujillo,david23@example.com,596.729.5609x8147,Cashier,31544,49
869,Christopher,Ramirez,sarah04@example.net,2737502670,Cashier,40732,53
870,Gabriel,Gordon,longjackson@example.net,582.882.0767x765,Cashier,45748,60
871,Rhonda,Johnson,oglenn@example.com,001-437-650-7197,Inventory Executive,47576,88
872,Julie,Macdonald,shellymills@example.org,+1-292-343-5626x1987,Store Manager,38794,23
873,Rachel,Thomas,mark33@example.net,001-400-684-2219x4295,Store Manager,57946,3
874,Jennifer,Payne,rodneywalker@example.com,601.877.3310,Store Manager,69845,60
875,Hannah,Johnson,ysmith@example.org,702.224.6794,Cashier,41479,25
876,Teresa,Spencer,connerjodi@example.net,(690)684-7614,Inventory Executive,39751,98
877,Dustin,Kim,robert75@example.net,745.755.3526,Cashier,87894,85
878,Melody,Ellison,eric91@example.org,730.315.7196,Inventory Executive,75147,92
879,Sarah,Chaney,lindsey45@example.com,4567562770,Sales Associate,36562,31
880,Carrie,Patton,hineskevin@example.net,001-965-337-0247x799,Sales Associate,31249,64
881,Craig,Williams,pamela74@example.net,500-716-2441x75363,Sales Associate,47404,44
882,Douglas,Cox,rebeccarobinson@example.org,273-881-0495x61185,Customer Support,32721,37
883,Alexandria,Williams,wilsontony@example.com,2102756664,Store Manager,42865,67
884,Brittney,Walker,johnny24@example.org,716-444-6367x81885,Sales Associate,78079,15
885,Michael,Taylor,cjohnson@example.com,+1-696-206-1664,Store Manager,60437,89
886,Dennis,Jones,ian42@example.org,474.593.6539x03086,Store Manager,54338,66
887,Tina,Sims,sarah10@example.com,(650)545-3406,Sales Associate,54437,13
888,Jerry,Gardner,kristinthomas@example.com,(655)600-8516x12532,Sales Associate,80642,26
889,Rachel,Wilson,jerry07@example.com,001-350-716-4504x7966,Cashier,74785,24
890,David,Collins,karenduke@example.com,+1-736-786-0834x05961,Sales Associate,51585,50
891,Jeff,Brown,osutton@example.net,+1-717-945-0877x74503,Customer Support,31842,52
892,Diana,Brown,robert06@example.com,215.991.1612x415,Cashier,88366,97
893,Joshua,Hernandez,nweiss@example.com,+1-430-290-6508x55837,Store Manager,45064,17
894,Felicia,Davis,hector08@example.net,(495)423-5595,Customer Support,73228,45
895,Alan,Barnett,amy11@example.com,001-981-534-1548x88736,Customer Support,75830,38
896,Andrew,Kelly,zstewart@example.com,780-938-7876x8181,Sales Associate,31904,92
897,Mary,Neal,edonovan@example.net,001-742-977-3466x59308,Cashier,64020,32
898,Lisa,George,kevinhoffman@example.net,847.926.7351x113,Sales Associate,72876,61
899,Mary,Velasquez,shicks@example.net,893.290.9649x3774,Cashier,38374,6
900,Raymond,Turner,obrienamber@example.org,001-500-254-9569x09748,Sales Associate,56633,15
901,Louis,Harrison,tommybryan@example.com,(440)681-2516,Sales Associate,76695,21
902,Catherine,Wilson,vjones@example.org,668-474-8479,Sales Associate,36142,96
903,Mark,Grant,jessicareyes@example.org,001-707-332-6678x188,Inventory Executive,75751,75
904,Mary,Key,lorismith@example.net,(348)347-4117x75714,Customer Support,74206,32
905,Suzanne,Mercer,jeffrey13@example.com,353.638.2782x56488,Inventory Executive,82825,57
906,April,Erickson,marksawyer@example.org,+1-755-816-6633,Cashier,64382,48
907,Christopher,Herring,jennifervillegas@example.org,918-975-0157x435,Inventory Executive,39106,64
908,Lisa,Morales,smithrobert@example.com,6145195029,Customer Support,69587,38
909,Emma,Peters,timothy14@example.org,694.232.6466x623,Inventory Executive,56637,15
910,Stephanie,Leonard,amandarogers@example.org,001-273-239-7216x257,Sales Associate,72417,97
911,Lisa,Williams,erin91@example.net,629-957-3267,Store Manager,63723,34
912,Alex,Johnson,sjoseph@example.org,608-693-8930x2584,Sales Associate,51670,80
913,Barbara,Dorsey,robinsoncarol@example.net,001-297-650-6606x794,Customer Support,68123,16
914,Victoria,Cherry,dblack@example.org,(854)319-0279x5797,Sales Associate,71366,1
915,Jeffrey,Donaldson,kturner@example.org,001-893-695-7715x90530,Inventory Executive,46731,51
916,Gregory,Kennedy,youngvictoria@example.com,+1-589-393-5505x9906,Cashier,57332,14
917,Gina,Miller,ineal@example.net,001-226-833-7082x502,Store Manager,33531,44
918,Justin,Lee,rbrown@example.com,001-581-767-0576x509,Inventory Executive,67931,51
919,David,Turner,phillipsbenjamin@example.org,+1-634-478-2740x705,Customer Support,83304,28
920,Caitlin,Cline,donaldrivera@example.com,215.896.3811x4661,Inventory Executive,69842,50
921,William,Riley,alicia89@example.com,261-989-4724x6232,Inventory Executive,56759,63
922,David,Winters,raymondfrazier@example.com,(229)503-3074x55104,Sales Associate,71523,62
923,Karina,Estes,williamsdarlene@example.net,001-505-719-8386x9176,Sales Associate,37962,31
924,David,Clark,lance96@example.com,(233)781-4866,Customer Support,65034,16
925,Kristin,Harris,jordanhartman@example.com,001-653-786-8604x987,Cashier,56496,22
926,Mary,Wilson,smyers@example.com,3973754688,Sales Associate,64429,7
927,Rebekah,Mccarthy,sharonbell@example.net,+1-348-615-7365x6231,Sales Associate,78547,43
928,Melissa,Jones,gmatthews@example.net,+1-878-697-8484,Store Manager,60044,25
929,Tina,Kim,eric15@example.com,756.609.5553x1156,Sales Associate,62014,16
930,Dennis,Schwartz,christina47@example.com,354.690.3544x812,Sales Associate,72789,67
931,Margaret,Patton,courtneyroberts@example.org,227.382.0294x78375,Inventory Executive,34657,25
932,Franklin,Moses,mking@example.net,297-358-2074x6855,Store Manager,49756,7
933,Anne,Johnson,anthonytorres@example.com,750.839.8220x886,Cashier,78460,23
934,Rebecca,Barrett,kellystephens@example.net,+1-464-574-7649x0325,Inventory Executive,88563,63
935,Amy,Boyd,sellersdeborah@example.org,+1-534-315-6078x8418,Customer Support,87385,49
936,Meagan,Henry,dustin94@example.org,(246)399-0154x5711,Store Manager,64403,13
937,Tony,Alexander,michaelrobinson@example.org,393.927.7746,Inventory Executive,33832,49
938,Samantha,Davis,jeffrey99@example.net,(591)914-0203,Inventory Executive,64436,2
939,Logan,Wood,timothy85@example.org,697-593-4778,Customer Support,86462,81
940,Kristin,Russell,randy82@example.org,(860)643-3620x53573,Cashier,85643,25
941,Nicole,Delacruz,betty80@example.net,(216)221-8926x8069,Store Manager,80831,24
942,William,Steele,mwright@example.org,(376)349-9544x235,Sales Associate,54780,37
943,Ricky,Macias,laurabanks@example.org,001-688-750-9720x0502,Sales Associate,46566,65
944,James,Murphy,amberbaker@example.org,001-290-278-2443x3540,Sales Associate,68590,28
945,Suzanne,Jefferson,jamesowens@example.com,799-288-2454,Inventory Executive,56731,65
946,Zachary,Rodriguez,martin23@example.org,(343)839-5554,Cashier,49839,13
947,Tonya,Cooley,jacquelinesmith@example.com,+1-835-510-4087x998,Cashier,81690,94
948,Donald,Wilson,lindsey31@example.net,(337)651-5802,Inventory Executive,31371,9
949,Kimberly,Kent,jonesmark@example.com,(579)988-3411x539,Inventory Executive,60935,13
950,Kathleen,Lee,fvillarreal@example.org,+1-477-751-5461x62297,Inventory Executive,82086,39
951,Ashley,Underwood,walkeramanda@example.com,572.594.5369,Inventory Executive,88651,6
952,Noah,Ramirez,kharvey@example.net,777-795-3923,Customer Support,73390,67
953,Maurice,Rhodes,jeremiahbarnett@example.org,+1-502-369-9221x35965,Cashier,59996,29
954,Larry,Sharp,marksmith@example.org,589-756-8018,Cashier,79486,62
955,Matthew,Bradley,hbrock@example.com,640.758.3663x41506,Store Manager,34456,24
956,Jimmy,King,lisadelgado@example.net,(777)205-6377x21667,Store Manager,58065,5
957,Monica,Miller,katherine14@example.net,346.515.8321,Store Manager,47880,50
958,Elizabeth,Aguilar,qthompson@example.net,756-576-6297,Cashier,78859,27
959,Stephanie,Miller,jgonzalez@example.net,(607)476-7269x3906,Customer Support,55146,59
960,Theresa,Smith,popewendy@example.com,248-895-4063x61377,Cashier,33026,96
961,Gabrielle,Cannon,hectorsmith@example.com,224-612-7482x794,Inventory Executive,34727,100
962,Dominique,Cole,ghart@example.org,(222)276-4401,Cashier,71858,65
963,Jose,Rodriguez,brownsierra@example.org,001-518-742-5449x698,Store Manager,35335,32
964,Paul,Pratt,greenechristopher@example.net,+1-383-302-9510x92027,Customer Support,75970,40
965,Amber,Webster,sophia03@example.com,432.446.4060,Customer Support,46370,25
966,Tiffany,Rhodes,stephanie17@example.com,+1-766-813-5016x889,Sales Associate,66686,32
967,Duane,Mullins,npalmer@example.net,825.265.2687x95800,Sales Associate,64675,3
968,Teresa,Hunter,christensendanielle@example.com,907.899.8206x37229,Inventory Executive,36697,2
969,Carrie,Hernandez,richard57@example.net,559.439.3466x7675,Cashier,30283,36
970,Bryan,Davis,charlesreeves@example.com,(675)522-5121,Sales Associate,62337,48
971,Karen,Roberts,kirkhart@example.net,001-809-278-7102x07722,Sales Associate,86596,97
972,Michael,Smith,michelle07@example.net,823.604.8791x41642,Inventory Executive,70127,23
973,Cynthia,Valencia,whitemark@example.org,790-435-5705,Inventory Executive,56462,67
974,Tracy,Watson,benjaminhunt@example.com,320.271.7321,Sales Associate,46545,57
975,Seth,Walsh,gingram@example.com,+1-910-658-7675x35306,Cashier,53009,82
976,Jared,Hancock,leslie48@example.org,(762)587-8170x30333,Customer Support,46621,68
977,Jennifer,Hansen,juliananderson@example.com,+1-385-515-1367x514,Store Manager,43224,12
978,Michelle,Shields,wardbrian@example.net,9129097722,Inventory Executive,82681,91
979,Andrew,Watts,xjohnson@example.com,526-949-1314,Sales Associate,40085,16
980,Courtney,Perez,ifoster@example.com,(201)467-6341x752,Sales Associate,58038,71
981,Jamie,Pearson,karenjarvis@example.com,(536)697-5597,Customer Support,81718,63
982,Melissa,Walters,bestcynthia@example.com,001-809-933-7909,Inventory Executive,68896,26
983,Amanda,Mercado,sturner@example.org,(826)669-6923x04930,Store Manager,76996,21
984,Robin,Daniels,carrie74@example.net,524-900-1906x9372,Sales Associate,45173,25
985,Christina,Barker,wgalloway@example.org,8366596815,Sales Associate,80128,3
986,Nicholas,Hale,omoore@example.com,2645881668,Store Manager,42511,57
987,Shelly,Garcia,kjohnson@example.org,9904307078,Sales Associate,41486,40
988,Troy,Bowers,amber08@example.com,3452894303,Customer Support,70441,67
989,Gabrielle,Dunn,syoung@example.org,614-427-5398,Inventory Executive,74740,40
990,Melissa,Mcdaniel,obrienroy@example.net,(239)809-3667x638,Inventory Executive,46826,68
991,Ashley,Rangel,ujones@example.org,507.264.0344x5080,Customer Support,78695,7
992,Jackson,Russell,davilamichael@example.com,553-789-1457,Sales Associate,56627,18
993,Justin,Lynch,colleennichols@example.net,(423)216-6013x5723,Sales Associate,56473,63
994,Christopher,Owens,vking@example.com,001-388-768-4492x2334,Cashier,37422,16
995,Ryan,Fox,leeterry@example.com,+1-405-788-1919x62632,Sales Associate,41832,11
996,Michael,Ward,andreachen@example.net,527-204-7932x6788,Sales Associate,53352,5
997,Jake,Sellers,patriciahess@example.net,(880)608-1857x34757,Store Manager,41835,60
998,Mia,Hall,erin27@example.org,001-648-494-7467x251,Inventory Executive,35457,38
999,Shawna,Pearson,swiley@example.net,+1-511-566-9013x5844,Sales Associate,87347,5
1000,Richard,Garcia,jeanette87@example.org,(706)516-0848,Store Manager,63999,26
